,ticker,exchange,name,sector,industry
0,PIH,NASDAQ,"1347 PROPERTY INSURANCE HOLDINGS, INC.",FINANCE,PROPERTY-CASUALTY INSURERS
1,PIHPP,NASDAQ,"1347 PROPERTY INSURANCE HOLDINGS, INC.",FINANCE,PROPERTY-CASUALTY INSURERS
2,TURN,NASDAQ,180 DEGREE CAPITAL CORP.,FINANCE,FINANCE/INVESTORS SERVICES
4,FCCY,NASDAQ,1ST CONSTITUTION BANCORP (NJ),FINANCE,SAVINGS INSTITUTIONS
5,SRCE,NASDAQ,1ST SOURCE CORPORATION,FINANCE,MAJOR BANKS
29,ANCX,NASDAQ,ACCESS NATIONAL CORPORATION,FINANCE,SAVINGS INSTITUTIONS
40,ACNB,NASDAQ,ACNB CORPORATION,FINANCE,MAJOR BANKS
82,AGFS,NASDAQ,"AGROFRESH SOLUTIONS, INC.",FINANCE,BUSINESS SERVICES
83,AGFSW,NASDAQ,"AGROFRESH SOLUTIONS, INC.",FINANCE,BUSINESS SERVICES
109,ABTX,NASDAQ,"ALLEGIANCE BANCSHARES, INC.",FINANCE,MAJOR BANKS
128,AMR,NASDAQ,"ALTA MESA RESOURCES, INC.",FINANCE,BUSINESS SERVICES
129,AMRWW,NASDAQ,"ALTA MESA RESOURCES, INC.",FINANCE,BUSINESS SERVICES
139,AMBC,NASDAQ,"AMBAC FINANCIAL GROUP, INC.",FINANCE,PROPERTY-CASUALTY INSURERS
140,AMBCW,NASDAQ,"AMBAC FINANCIAL GROUP, INC.",FINANCE,PROPERTY-CASUALTY INSURERS
149,ATAX,NASDAQ,"AMERICA FIRST MULTIFAMILY INVESTORS, L.P.",FINANCE,FINANCE: CONSUMER SERVICES
153,AMNB,NASDAQ,"AMERICAN NATIONAL BANKSHARES, INC.",FINANCE,MAJOR BANKS
154,ANAT,NASDAQ,AMERICAN NATIONAL INSURANCE COMPANY,FINANCE,LIFE INSURANCE
158,AMRB,NASDAQ,AMERICAN RIVER BANKSHARES,FINANCE,MAJOR BANKS
163,ABCB,NASDAQ,AMERIS BANCORP,FINANCE,MAJOR BANKS
164,AMSF,NASDAQ,"AMERISAFE, INC.",FINANCE,PROPERTY-CASUALTY INSURERS
165,ASRV,NASDAQ,AMERISERV FINANCIAL INC.,FINANCE,MAJOR BANKS
166,ASRVP,NASDAQ,AMERISERV FINANCIAL INC.,FINANCE,MAJOR BANKS
167,ATLO,NASDAQ,AMES NATIONAL CORPORATION,FINANCE,MAJOR BANKS
174,AFSI,NASDAQ,"AMTRUST FINANCIAL SERVICES, INC.",FINANCE,PROPERTY-CASUALTY INSURERS
180,ANCB,NASDAQ,ANCHOR BANCORP,FINANCE,BANKS
218,ACGL,NASDAQ,ARCH CAPITAL GROUP LTD.,FINANCE,PROPERTY-CASUALTY INSURERS
219,ACGLO,NASDAQ,ARCH CAPITAL GROUP LTD.,FINANCE,PROPERTY-CASUALTY INSURERS
220,ACGLP,NASDAQ,ARCH CAPITAL GROUP LTD.,FINANCE,PROPERTY-CASUALTY INSURERS
235,AROW,NASDAQ,ARROW FINANCIAL CORPORATION,FINANCE,MAJOR BANKS
249,ASFI,NASDAQ,"ASTA FUNDING, INC.",FINANCE,FINANCE COMPANIES
264,AAME,NASDAQ,ATLANTIC AMERICAN CORPORATION,FINANCE,LIFE INSURANCE
265,ACBI,NASDAQ,"ATLANTIC CAPITAL BANCSHARES, INC.",FINANCE,MAJOR BANKS
266,ACFC,NASDAQ,ATLANTIC COAST FINANCIAL CORPORATION,FINANCE,SAVINGS INSTITUTIONS
268,ATLC,NASDAQ,ATLANTICUS HOLDINGS CORPORATION,FINANCE,FINANCE: CONSUMER SERVICES
270,AFH,NASDAQ,"ATLAS FINANCIAL HOLDINGS, INC.",FINANCE,PROPERTY-CASUALTY INSURERS
271,AFHBL,NASDAQ,"ATLAS FINANCIAL HOLDINGS, INC.",FINANCE,PROPERTY-CASUALTY INSURERS
282,AUBN,NASDAQ,"AUBURN NATIONAL BANCORPORATION, INC.",FINANCE,MAJOR BANKS
322,BWINA,NASDAQ,"BALDWIN & LYONS, INC.",FINANCE,PROPERTY-CASUALTY INSURERS
323,BWINB,NASDAQ,"BALDWIN & LYONS, INC.",FINANCE,PROPERTY-CASUALTY INSURERS
325,BANF,NASDAQ,BANCFIRST CORPORATION,FINANCE,MAJOR BANKS
326,BANFP,NASDAQ,BANCFIRST CORPORATION,FINANCE,MAJOR BANKS
327,BCTF,NASDAQ,"BANCORP 34, INC.",FINANCE,SAVINGS INSTITUTIONS
329,BOCH,NASDAQ,BANK OF COMMERCE HOLDINGS (CA),FINANCE,MAJOR BANKS
330,BMRC,NASDAQ,BANK OF MARIN BANCORP,FINANCE,MAJOR BANKS
331,BMLP,NASDAQ,BANK OF MONTREAL,FINANCE,COMMERCIAL BANKS
332,BKSC,NASDAQ,BANK OF SOUTH CAROLINA CORP.,FINANCE,MAJOR BANKS
333,BOTJ,NASDAQ,"BANK OF THE JAMES FINANCIAL GROUP, INC.",FINANCE,MAJOR BANKS
334,OZRK,NASDAQ,BANK OF THE OZARKS,FINANCE,MAJOR BANKS
335,BFIN,NASDAQ,BANKFINANCIAL CORPORATION,FINANCE,SAVINGS INSTITUTIONS
336,BWFG,NASDAQ,"BANKWELL FINANCIAL GROUP, INC.",FINANCE,MAJOR BANKS
337,BANR,NASDAQ,BANNER CORPORATION,FINANCE,MAJOR BANKS
339,DFVL,NASDAQ,BARCLAYS PLC,FINANCE,COMMERCIAL BANKS
340,DFVS,NASDAQ,BARCLAYS PLC,FINANCE,COMMERCIAL BANKS
341,DLBL,NASDAQ,BARCLAYS PLC,FINANCE,COMMERCIAL BANKS
342,DLBS,NASDAQ,BARCLAYS PLC,FINANCE,COMMERCIAL BANKS
343,DTUL,NASDAQ,BARCLAYS PLC,FINANCE,COMMERCIAL BANKS
344,DTUS,NASDAQ,BARCLAYS PLC,FINANCE,COMMERCIAL BANKS
345,DTYL,NASDAQ,BARCLAYS PLC,FINANCE,COMMERCIAL BANKS
346,DTYS,NASDAQ,BARCLAYS PLC,FINANCE,COMMERCIAL BANKS
347,FLAT,NASDAQ,BARCLAYS PLC,FINANCE,COMMERCIAL BANKS
348,STPP,NASDAQ,BARCLAYS PLC,FINANCE,COMMERCIAL BANKS
349,TAPR,NASDAQ,BARCLAYS PLC,FINANCE,COMMERCIAL BANKS
350,BHAC,NASDAQ,BARINGTON/HILCO ACQUISITION CORP.,FINANCE,BUSINESS SERVICES
351,BHACR,NASDAQ,BARINGTON/HILCO ACQUISITION CORP.,FINANCE,BUSINESS SERVICES
352,BHACU,NASDAQ,BARINGTON/HILCO ACQUISITION CORP.,FINANCE,BUSINESS SERVICES
353,BHACW,NASDAQ,BARINGTON/HILCO ACQUISITION CORP.,FINANCE,BUSINESS SERVICES
356,BCML,NASDAQ,BAYCOM CORP,FINANCE,MAJOR BANKS
357,BCBP,NASDAQ,"BCB BANCORP, INC. (NJ)",FINANCE,SAVINGS INSTITUTIONS
366,BNCL,NASDAQ,"BENEFICIAL BANCORP, INC.",FINANCE,SAVINGS INSTITUTIONS
371,BGCP,NASDAQ,"BGC PARTNERS, INC.",FINANCE,INVESTMENT BANKERS/BROKERS/SERVICE
373,BRPA,NASDAQ,BIG ROCK PARTNERS ACQUISITION CORP.,FINANCE,BUSINESS SERVICES
374,BRPAR,NASDAQ,BIG ROCK PARTNERS ACQUISITION CORP.,FINANCE,BUSINESS SERVICES
375,BRPAU,NASDAQ,BIG ROCK PARTNERS ACQUISITION CORP.,FINANCE,BUSINESS SERVICES
376,BRPAW,NASDAQ,BIG ROCK PARTNERS ACQUISITION CORP.,FINANCE,BUSINESS SERVICES
401,BCAC,NASDAQ,BISON CAPITAL ACQUISITION CORP.,FINANCE,BUSINESS SERVICES
402,BCACR,NASDAQ,BISON CAPITAL ACQUISITION CORP.,FINANCE,BUSINESS SERVICES
403,BCACU,NASDAQ,BISON CAPITAL ACQUISITION CORP.,FINANCE,BUSINESS SERVICES
404,BCACW,NASDAQ,BISON CAPITAL ACQUISITION CORP.,FINANCE,BUSINESS SERVICES
407,BRAC,NASDAQ,BLACK RIDGE ACQUISITION CORP.,FINANCE,BUSINESS SERVICES
408,BRACR,NASDAQ,BLACK RIDGE ACQUISITION CORP.,FINANCE,BUSINESS SERVICES
409,BRACU,NASDAQ,BLACK RIDGE ACQUISITION CORP.,FINANCE,BUSINESS SERVICES
410,BRACW,NASDAQ,BLACK RIDGE ACQUISITION CORP.,FINANCE,BUSINESS SERVICES
412,HAWK,NASDAQ,"BLACKHAWK NETWORK HOLDINGS, INC.",FINANCE,FINANCE: CONSUMER SERVICES
422,BCOR,NASDAQ,"BLUCORA, INC.",FINANCE,FINANCE: CONSUMER SERVICES
424,BHBK,NASDAQ,"BLUE HILLS BANCORP, INC.",FINANCE,MAJOR BANKS
431,BOFI,NASDAQ,"BOFI HOLDING, INC.",FINANCE,SAVINGS INSTITUTIONS
432,BOFIL,NASDAQ,"BOFI HOLDING, INC.",FINANCE,SAVINGS INSTITUTIONS
435,BOKF,NASDAQ,BOK FINANCIAL CORPORATION,FINANCE,MAJOR BANKS
436,BOKFL,NASDAQ,BOK FINANCIAL CORPORATION,FINANCE,MAJOR BANKS
440,BOMN,NASDAQ,BOSTON OMAHA CORPORATION,FINANCE,REAL ESTATE
441,BPFH,NASDAQ,"BOSTON PRIVATE FINANCIAL HOLDINGS, INC.",FINANCE,MAJOR BANKS
442,BPFHP,NASDAQ,"BOSTON PRIVATE FINANCIAL HOLDINGS, INC.",FINANCE,MAJOR BANKS
443,BPFHW,NASDAQ,"BOSTON PRIVATE FINANCIAL HOLDINGS, INC.",FINANCE,MAJOR BANKS
449,BDGE,NASDAQ,"BRIDGE BANCORP, INC.",FINANCE,MAJOR BANKS
451,BWB,NASDAQ,"BRIDGEWATER BANCSHARES, INC.",FINANCE,MAJOR BANKS
454,BHF,NASDAQ,"BRIGHTHOUSE FINANCIAL, INC.",FINANCE,LIFE INSURANCE
457,BYFC,NASDAQ,BROADWAY FINANCIAL CORPORATION,FINANCE,SAVINGS INSTITUTIONS
459,BPY,NASDAQ,BROOKFIELD PROPERTY PARTNERS L.P.,FINANCE,REAL ESTATE
460,BRKL,NASDAQ,"BROOKLINE BANCORP, INC.",FINANCE,SAVINGS INSTITUTIONS
463,BMTC,NASDAQ,BRYN MAWR BANK CORPORATION,FINANCE,MAJOR BANKS
464,BLMT,NASDAQ,"BSB BANCORP, INC.",FINANCE,MAJOR BANKS
467,BFST,NASDAQ,"BUSINESS FIRST BANCSHARES, INC.",FINANCE,MAJOR BANKS
468,CFFI,NASDAQ,C&F FINANCIAL CORPORATION,FINANCE,MAJOR BANKS
492,CATC,NASDAQ,CAMBRIDGE BANCORP,FINANCE,MAJOR BANKS
493,CAC,NASDAQ,CAMDEN NATIONAL CORPORATION,FINANCE,MAJOR BANKS
499,CCBG,NASDAQ,CAPITAL CITY BANK GROUP,FINANCE,MAJOR BANKS
506,CFFN,NASDAQ,"CAPITOL FEDERAL FINANCIAL, INC.",FINANCE,SAVINGS INSTITUTIONS
508,CSTR,NASDAQ,"CAPSTAR FINANCIAL HOLDINGS, INC.",FINANCE,MAJOR BANKS
521,CARO,NASDAQ,CAROLINA FINANCIAL CORPORATION,FINANCE,MAJOR BANKS
522,CART,NASDAQ,"CAROLINA TRUST BANCSHARES, INC.",FINANCE,MAJOR BANKS
525,CARV,NASDAQ,"CARVER BANCORP, INC.",FINANCE,SAVINGS INSTITUTIONS
536,CATY,NASDAQ,CATHAY GENERAL BANCORP,FINANCE,MAJOR BANKS
537,CATYW,NASDAQ,CATHAY GENERAL BANCORP,FINANCE,MAJOR BANKS
542,CBFV,NASDAQ,"CB FINANCIAL SERVICES, INC.",FINANCE,MAJOR BANKS
544,CBOE,NASDAQ,"CBOE GLOBAL MARKETS, INC.",FINANCE,INVESTMENT BANKERS/BROKERS/SERVICE
545,CBTX,NASDAQ,"CBTX, INC.",FINANCE,MAJOR BANKS
568,CSFL,NASDAQ,CENTERSTATE BANK CORPORATION,FINANCE,MAJOR BANKS
570,CFBK,NASDAQ,CENTRAL FEDERAL CORPORATION,FINANCE,SAVINGS INSTITUTIONS
573,CVCY,NASDAQ,CENTRAL VALLEY COMMUNITY BANCORP,FINANCE,MAJOR BANKS
575,CNBKA,NASDAQ,"CENTURY BANCORP, INC.",FINANCE,MAJOR BANKS
590,CHFN,NASDAQ,CHARTER FINANCIAL CORP.,FINANCE,SAVINGS INSTITUTIONS
597,CHFC,NASDAQ,CHEMICAL FINANCIAL CORPORATION,FINANCE,MAJOR BANKS
599,CHMG,NASDAQ,CHEMUNG FINANCIAL CORP,FINANCE,MAJOR BANKS
611,CCCR,NASDAQ,"CHINA COMMERCIAL CREDIT, INC.",FINANCE,MAJOR BANKS
613,JRJC,NASDAQ,CHINA FINANCE ONLINE CO. LIMITED,FINANCE,INVESTMENT BANKERS/BROKERS/SERVICE
614,HGSH,NASDAQ,"CHINA HGS REAL ESTATE, INC.",FINANCE,REAL ESTATE
618,CLDC,NASDAQ,CHINA LENDING CORPORATION,FINANCE,DIVERSIFIED FINANCIAL SERVICES
639,CINF,NASDAQ,CINCINNATI FINANCIAL CORPORATION,FINANCE,PROPERTY-CASUALTY INSURERS
647,CZNC,NASDAQ,CITIZENS & NORTHERN CORP,FINANCE,MAJOR BANKS
648,CZWI,NASDAQ,"CITIZENS COMMUNITY BANCORP, INC.",FINANCE,SAVINGS INSTITUTIONS
649,CZFC,NASDAQ,CITIZENS FIRST CORPORATION,FINANCE,MAJOR BANKS
650,CIZN,NASDAQ,CITIZENS HOLDING COMPANY,FINANCE,MAJOR BANKS
652,CHCO,NASDAQ,CITY HOLDING COMPANY,FINANCE,MAJOR BANKS
653,CIVB,NASDAQ,"CIVISTA BANCSHARES, INC.",FINANCE,MAJOR BANKS
654,CIVBP,NASDAQ,"CIVISTA BANCSHARES, INC.",FINANCE,MAJOR BANKS
669,CMSS,NASDAQ,CM SEVEN STAR ACQUISITION CORPORATION,FINANCE,BUSINESS SERVICES
670,CMSSR,NASDAQ,CM SEVEN STAR ACQUISITION CORPORATION,FINANCE,BUSINESS SERVICES
671,CMSSU,NASDAQ,CM SEVEN STAR ACQUISITION CORPORATION,FINANCE,BUSINESS SERVICES
672,CMSSW,NASDAQ,CM SEVEN STAR ACQUISITION CORPORATION,FINANCE,BUSINESS SERVICES
673,CME,NASDAQ,CME GROUP INC.,FINANCE,INVESTMENT BANKERS/BROKERS/SERVICE
674,CCNE,NASDAQ,CNB FINANCIAL CORPORATION,FINANCE,MAJOR BANKS
675,CWAY,NASDAQ,"COASTWAY BANCORP, INC.",FINANCE,SAVINGS INSTITUTIONS
676,COBZ,NASDAQ,COBIZ FINANCIAL INC.,FINANCE,MAJOR BANKS
682,CVLY,NASDAQ,"CODORUS VALLEY BANCORP, INC",FINANCE,SAVINGS INSTITUTIONS
693,CIGI,NASDAQ,COLLIERS INTERNATIONAL GROUP INC.,FINANCE,REAL ESTATE
695,CBAN,NASDAQ,"COLONY BANKCORP, INC.",FINANCE,MAJOR BANKS
696,COLB,NASDAQ,"COLUMBIA BANKING SYSTEM, INC.",FINANCE,MAJOR BANKS
697,CLBK,NASDAQ,"COLUMBIA FINANCIAL, INC.",FINANCE,SAVINGS INSTITUTIONS
701,CBSH,NASDAQ,"COMMERCE BANCSHARES, INC.",FINANCE,MAJOR BANKS
702,CBSHP,NASDAQ,"COMMERCE BANCSHARES, INC.",FINANCE,MAJOR BANKS
708,ESXB,NASDAQ,COMMUNITY BANKERS TRUST CORPORATION.,FINANCE,MAJOR BANKS
709,CFBI,NASDAQ,"COMMUNITY FIRST BANCSHARES, INC.",FINANCE,SAVINGS INSTITUTIONS
711,CTBI,NASDAQ,"COMMUNITY TRUST BANCORP, INC.",FINANCE,MAJOR BANKS
712,CWBC,NASDAQ,COMMUNITY WEST BANCSHARES,FINANCE,MAJOR BANKS
724,CNFR,NASDAQ,"CONIFER HOLDINGS, INC.",FINANCE,PROPERTY-CASUALTY INSURERS
727,CNOB,NASDAQ,"CONNECTONE BANCORP, INC.",FINANCE,MAJOR BANKS
731,CNAC,NASDAQ,CONSTELLATION ALPHA CAPITAL CORP.,FINANCE,BUSINESS SERVICES
732,CNACR,NASDAQ,CONSTELLATION ALPHA CAPITAL CORP.,FINANCE,BUSINESS SERVICES
733,CNACU,NASDAQ,CONSTELLATION ALPHA CAPITAL CORP.,FINANCE,BUSINESS SERVICES
734,CNACW,NASDAQ,CONSTELLATION ALPHA CAPITAL CORP.,FINANCE,BUSINESS SERVICES
736,CPSS,NASDAQ,"CONSUMER PORTFOLIO SERVICES, INC.",FINANCE,FINANCE: CONSUMER SERVICES
748,CRVL,NASDAQ,CORVEL CORP.,FINANCE,SPECIALTY INSURERS
753,ICBK,NASDAQ,"COUNTY BANCORP, INC.",FINANCE,MAJOR BANKS
756,COWN,NASDAQ,COWEN INC.,FINANCE,INVESTMENT BANKERS/BROKERS/SERVICE
757,COWNZ,NASDAQ,COWEN INC.,FINANCE,INVESTMENT BANKERS/BROKERS/SERVICE
758,PMTS,NASDAQ,CPI CARD GROUP INC.,FINANCE,FINANCE COMPANIES
764,CACC,NASDAQ,CREDIT ACCEPTANCE CORPORATION,FINANCE,FINANCE: CONSUMER SERVICES
765,DGLD,NASDAQ,CREDIT SUISSE AG,FINANCE,INVESTMENT BANKERS/BROKERS/SERVICE
766,DSLV,NASDAQ,CREDIT SUISSE AG,FINANCE,INVESTMENT BANKERS/BROKERS/SERVICE
767,GLDI,NASDAQ,CREDIT SUISSE AG,FINANCE,INVESTMENT BANKERS/BROKERS/SERVICE
768,SLVO,NASDAQ,CREDIT SUISSE AG,FINANCE,INVESTMENT BANKERS/BROKERS/SERVICE
769,TVIX,NASDAQ,CREDIT SUISSE AG,FINANCE,INVESTMENT BANKERS/BROKERS/SERVICE
770,TVIZ,NASDAQ,CREDIT SUISSE AG,FINANCE,INVESTMENT BANKERS/BROKERS/SERVICE
771,UGLD,NASDAQ,CREDIT SUISSE AG,FINANCE,INVESTMENT BANKERS/BROKERS/SERVICE
772,USLV,NASDAQ,CREDIT SUISSE AG,FINANCE,INVESTMENT BANKERS/BROKERS/SERVICE
773,USOI,NASDAQ,CREDIT SUISSE AG,FINANCE,INVESTMENT BANKERS/BROKERS/SERVICE
774,VIIX,NASDAQ,CREDIT SUISSE AG,FINANCE,INVESTMENT BANKERS/BROKERS/SERVICE
776,VIIZ,NASDAQ,CREDIT SUISSE AG,FINANCE,INVESTMENT BANKERS/BROKERS/SERVICE
777,ZIV,NASDAQ,CREDIT SUISSE AG,FINANCE,INVESTMENT BANKERS/BROKERS/SERVICE
779,CRESY,NASDAQ,CRESUD S.A.C.I.F. Y A.,FINANCE,REAL ESTATE
801,CVBF,NASDAQ,CVB FINANCIAL CORPORATION,FINANCE,MAJOR BANKS
852,DFBH,NASDAQ,DFB HEALTHCARE ACQUISITIONS CORP.,FINANCE,BUSINESS SERVICES
853,DFBHU,NASDAQ,DFB HEALTHCARE ACQUISITIONS CORP.,FINANCE,BUSINESS SERVICES
855,DFBHW,NASDAQ,DFB HEALTHCARE ACQUISITIONS CORP.,FINANCE,BUSINESS SERVICES
857,DHIL,NASDAQ,"DIAMOND HILL INVESTMENT GROUP, INC.",FINANCE,INVESTMENT MANAGERS
868,DCOM,NASDAQ,"DIME COMMUNITY BANCSHARES, INC.",FINANCE,SAVINGS INSTITUTIONS
878,DNBF,NASDAQ,DNB FINANCIAL CORP,FINANCE,MAJOR BANKS
884,DGICA,NASDAQ,"DONEGAL GROUP, INC.",FINANCE,PROPERTY-CASUALTY INSURERS
885,DGICB,NASDAQ,"DONEGAL GROUP, INC.",FINANCE,PROPERTY-CASUALTY INSURERS
889,LYL,NASDAQ,DRAGON VICTORY INTERNATIONAL LIMITED,FINANCE,FINANCE/INVESTORS SERVICES
890,DOTA,NASDAQ,"DRAPER OAKWOOD TECHNOLOGY ACQUISITION, INC.",FINANCE,BUSINESS SERVICES
891,DOTAR,NASDAQ,"DRAPER OAKWOOD TECHNOLOGY ACQUISITION, INC.",FINANCE,BUSINESS SERVICES
892,DOTAU,NASDAQ,"DRAPER OAKWOOD TECHNOLOGY ACQUISITION, INC.",FINANCE,BUSINESS SERVICES
893,DOTAW,NASDAQ,"DRAPER OAKWOOD TECHNOLOGY ACQUISITION, INC.",FINANCE,BUSINESS SERVICES
905,ETFC,NASDAQ,E*TRADE FINANCIAL CORPORATION,FINANCE,SAVINGS INSTITUTIONS
906,EBMT,NASDAQ,"EAGLE BANCORP MONTANA, INC.",FINANCE,MAJOR BANKS
907,EGBN,NASDAQ,"EAGLE BANCORP, INC.",FINANCE,MAJOR BANKS
909,EFBI,NASDAQ,"EAGLE FINANCIAL BANCORP, INC.",FINANCE,SAVINGS INSTITUTIONS
911,EWBC,NASDAQ,"EAST WEST BANCORP, INC.",FINANCE,MAJOR BANKS
912,EACQ,NASDAQ,EASTERLY ACQUISITION CORP.,FINANCE,FINANCE: CONSUMER SERVICES
913,EACQU,NASDAQ,EASTERLY ACQUISITION CORP.,FINANCE,FINANCE: CONSUMER SERVICES
914,EACQW,NASDAQ,EASTERLY ACQUISITION CORP.,FINANCE,FINANCE: CONSUMER SERVICES
938,EHTH,NASDAQ,"EHEALTH, INC.",FINANCE,SPECIALTY INSURERS
949,ELEC,NASDAQ,ELECTRUM SPECIAL ACQUISITION CORPORATION,FINANCE,BUSINESS SERVICES
950,ELECU,NASDAQ,ELECTRUM SPECIAL ACQUISITION CORPORATION,FINANCE,BUSINESS SERVICES
951,ELECW,NASDAQ,ELECTRUM SPECIAL ACQUISITION CORPORATION,FINANCE,BUSINESS SERVICES
953,ESBK,NASDAQ,ELMIRA SAVINGS BANK NY (THE),FINANCE,MAJOR BANKS
956,EMCI,NASDAQ,EMC INSURANCE GROUP INC.,FINANCE,PROPERTY-CASUALTY INSURERS
957,EMCF,NASDAQ,EMCLAIRE FINANCIAL CORP,FINANCE,MAJOR BANKS
962,ECPG,NASDAQ,ENCORE CAPITAL GROUP INC,FINANCE,FINANCE COMPANIES
976,ESGR,NASDAQ,ENSTAR GROUP LIMITED,FINANCE,PROPERTY-CASUALTY INSURERS
977,ENFC,NASDAQ,ENTEGRA FINANCIAL CORP.,FINANCE,BANKS
979,EBTC,NASDAQ,ENTERPRISE BANCORP INC,FINANCE,MAJOR BANKS
980,EFSC,NASDAQ,ENTERPRISE FINANCIAL SERVICES CORPORATION,FINANCE,MAJOR BANKS
984,EQFN,NASDAQ,EQUITABLE FINANCIAL CORP.,FINANCE,SAVINGS INSTITUTIONS
985,EQBK,NASDAQ,"EQUITY BANCSHARES, INC.",FINANCE,MAJOR BANKS
987,ERIE,NASDAQ,ERIE INDEMNITY COMPANY,FINANCE,SPECIALTY INSURERS
991,ESQ,NASDAQ,"ESQUIRE FINANCIAL HOLDINGS, INC.",FINANCE,COMMERCIAL BANKS
992,ESSA,NASDAQ,"ESSA BANCORP, INC.",FINANCE,BANKS
1002,EEFT,NASDAQ,"EURONET WORLDWIDE, INC.",FINANCE,INVESTMENT BANKERS/BROKERS/SERVICE
1036,FANH,NASDAQ,FANHUA INC.,FINANCE,SPECIALTY INSURERS
1038,FMAO,NASDAQ,"FARMERS & MERCHANTS BANCORP, INC.",FINANCE,SAVINGS INSTITUTIONS
1039,FFKT,NASDAQ,FARMERS CAPITAL BANK CORPORATION,FINANCE,MAJOR BANKS
1040,FMNB,NASDAQ,FARMERS NATIONAL BANC CORP.,FINANCE,MAJOR BANKS
1046,FBSS,NASDAQ,"FAUQUIER BANKSHARES, INC.",FINANCE,MAJOR BANKS
1048,FSAC,NASDAQ,FEDERAL STREET ACQUISITION CORP.,FINANCE,BUSINESS SERVICES
1049,FSACU,NASDAQ,FEDERAL STREET ACQUISITION CORP.,FINANCE,BUSINESS SERVICES
1050,FSACW,NASDAQ,FEDERAL STREET ACQUISITION CORP.,FINANCE,BUSINESS SERVICES
1051,FNHC,NASDAQ,FEDERATED NATIONAL HOLDING COMPANY,FINANCE,PROPERTY-CASUALTY INSURERS
1054,FFBW,NASDAQ,"FFBW, INC.",FINANCE,SAVINGS INSTITUTIONS
1057,FDBC,NASDAQ,"FIDELITY D & D BANCORP, INC.",FINANCE,MAJOR BANKS
1059,LION,NASDAQ,FIDELITY SOUTHERN CORPORATION,FINANCE,MAJOR BANKS
1063,FITB,NASDAQ,FIFTH THIRD BANCORP,FINANCE,MAJOR BANKS
1064,FITBI,NASDAQ,FIFTH THIRD BANCORP,FINANCE,MAJOR BANKS
1065,FNGN,NASDAQ,"FINANCIAL ENGINES, INC.",FINANCE,INVESTMENT MANAGERS
1066,FISI,NASDAQ,"FINANCIAL INSTITUTIONS, INC.",FINANCE,MAJOR BANKS
1069,FNTE,NASDAQ,FINTECH ACQUISITION CORP. II,FINANCE,BUSINESS SERVICES
1070,FNTEU,NASDAQ,FINTECH ACQUISITION CORP. II,FINANCE,BUSINESS SERVICES
1071,FNTEW,NASDAQ,FINTECH ACQUISITION CORP. II,FINANCE,BUSINESS SERVICES
1073,FBNC,NASDAQ,FIRST BANCORP,FINANCE,MAJOR BANKS
1074,FNLC,NASDAQ,"FIRST BANCORP, INC (ME)",FINANCE,MAJOR BANKS
1076,BUSE,NASDAQ,FIRST BUSEY CORPORATION,FINANCE,MAJOR BANKS
1077,FBIZ,NASDAQ,"FIRST BUSINESS FINANCIAL SERVICES, INC.",FINANCE,MAJOR BANKS
1078,FCAP,NASDAQ,"FIRST CAPITAL, INC.",FINANCE,SAVINGS INSTITUTIONS
1079,FCBP,NASDAQ,FIRST CHOICE BANCORP,FINANCE,MAJOR BANKS
1080,FCNCA,NASDAQ,"FIRST CITIZENS BANCSHARES, INC.",FINANCE,MAJOR BANKS
1081,FCBC,NASDAQ,"FIRST COMMUNITY BANCSHARES, INC.",FINANCE,MAJOR BANKS
1082,FCCO,NASDAQ,FIRST COMMUNITY CORPORATION,FINANCE,MAJOR BANKS
1083,FBNK,NASDAQ,"FIRST CONNECTICUT BANCORP, INC.",FINANCE,BANKS
1084,FDEF,NASDAQ,FIRST DEFIANCE FINANCIAL CORP.,FINANCE,SAVINGS INSTITUTIONS
1085,FFBC,NASDAQ,FIRST FINANCIAL BANCORP.,FINANCE,MAJOR BANKS
1086,FFBCW,NASDAQ,FIRST FINANCIAL BANCORP.,FINANCE,MAJOR BANKS
1087,FFIN,NASDAQ,"FIRST FINANCIAL BANKSHARES, INC.",FINANCE,MAJOR BANKS
1088,THFF,NASDAQ,FIRST FINANCIAL CORPORATION INDIANA,FINANCE,MAJOR BANKS
1089,FFNW,NASDAQ,"FIRST FINANCIAL NORTHWEST, INC.",FINANCE,MAJOR BANKS
1090,FFWM,NASDAQ,FIRST FOUNDATION INC.,FINANCE,MAJOR BANKS
1091,FGBI,NASDAQ,"FIRST GUARANTY BANCSHARES, INC.",FINANCE,SAVINGS INSTITUTIONS
1092,FHB,NASDAQ,"FIRST HAWAIIAN, INC.",FINANCE,MAJOR BANKS
1093,INBK,NASDAQ,FIRST INTERNET BANCORP,FINANCE,MAJOR BANKS
1094,INBKL,NASDAQ,FIRST INTERNET BANCORP,FINANCE,MAJOR BANKS
1095,FIBK,NASDAQ,"FIRST INTERSTATE BANCSYSTEM, INC.",FINANCE,MAJOR BANKS
1096,FRME,NASDAQ,FIRST MERCHANTS CORPORATION,FINANCE,MAJOR BANKS
1097,FMBH,NASDAQ,"FIRST MID-ILLINOIS BANCSHARES, INC.",FINANCE,MAJOR BANKS
1098,FMBI,NASDAQ,"FIRST MIDWEST BANCORP, INC.",FINANCE,MAJOR BANKS
1099,FNWB,NASDAQ,FIRST NORTHWEST BANCORP,FINANCE,BANKS
1100,FSFG,NASDAQ,"FIRST SAVINGS FINANCIAL GROUP, INC.",FINANCE,SAVINGS INSTITUTIONS
1196,FUNC,NASDAQ,FIRST UNITED CORPORATION,FINANCE,MAJOR BANKS
1197,FUSB,NASDAQ,"FIRST US BANCSHARES, INC.",FINANCE,MAJOR BANKS
1199,FSV,NASDAQ,FIRSTSERVICE CORPORATION,FINANCE,REAL ESTATE
1220,FFIC,NASDAQ,FLUSHING FINANCIAL CORPORATION,FINANCE,MAJOR BANKS
1221,FNBG,NASDAQ,FNB BANCORP,FINANCE,MAJOR BANKS
1222,FNCB,NASDAQ,FNCB BANCORP INC.,FINANCE,MAJOR BANKS
1249,FRPH,NASDAQ,"FRP HOLDINGS, INC.",FINANCE,REAL ESTATE
1250,FSBW,NASDAQ,"FS BANCORP, INC.",FINANCE,BANKS
1251,FSBC,NASDAQ,"FSB BANCORP, INC.",FINANCE,SAVINGS INSTITUTIONS
1258,FULT,NASDAQ,FULTON FINANCIAL CORPORATION,FINANCE,MAJOR BANKS
1293,GABC,NASDAQ,"GERMAN AMERICAN BANCORP, INC.",FINANCE,MAJOR BANKS
1301,GBCI,NASDAQ,"GLACIER BANCORP, INC.",FINANCE,MAJOR BANKS
1314,GLBZ,NASDAQ,GLEN BURNIE BANCORP,FINANCE,MAJOR BANKS
1317,GBLI,NASDAQ,GLOBAL INDEMNITY LIMITED,FINANCE,PROPERTY-CASUALTY INSURERS
1318,GBLIL,NASDAQ,GLOBAL INDEMNITY LIMITED,FINANCE,PROPERTY-CASUALTY INSURERS
1319,GBLIZ,NASDAQ,GLOBAL INDEMNITY LIMITED,FINANCE,PROPERTY-CASUALTY INSURERS
1344,DNJR,NASDAQ,GOLDEN BULL LIMITED,FINANCE,FINANCE: CONSUMER SERVICES
1349,GSHD,NASDAQ,"GOOSEHEAD INSURANCE, INC.",FINANCE,SPECIALTY INSURERS
1351,GPAQ,NASDAQ,GORDON POINTE ACQUISITION CORP.,FINANCE,BUSINESS SERVICES
1352,GPAQU,NASDAQ,GORDON POINTE ACQUISITION CORP.,FINANCE,BUSINESS SERVICES
1353,GPAQW,NASDAQ,GORDON POINTE ACQUISITION CORP.,FINANCE,BUSINESS SERVICES
1354,GSHT,NASDAQ,"GORES HOLDINGS II, INC.",FINANCE,BUSINESS SERVICES
1355,GSHTU,NASDAQ,"GORES HOLDINGS II, INC.",FINANCE,BUSINESS SERVICES
1356,GSHTW,NASDAQ,"GORES HOLDINGS II, INC.",FINANCE,BUSINESS SERVICES
1357,GOV,NASDAQ,GOVERNMENT PROPERTIES INCOME TRUST,FINANCE,REAL ESTATE
1358,GOVNI,NASDAQ,GOVERNMENT PROPERTIES INCOME TRUST,FINANCE,REAL ESTATE
1366,GSBC,NASDAQ,"GREAT SOUTHERN BANCORP, INC.",FINANCE,MAJOR BANKS
1367,GNBC,NASDAQ,"GREEN BANCORP, INC.",FINANCE,MAJOR BANKS
1371,GCBC,NASDAQ,"GREENE COUNTY BANCORP, INC.",FINANCE,BANKS
1372,GLRE,NASDAQ,"GREENLIGHT REINSURANCE, LTD.",FINANCE,PROPERTY-CASUALTY INSURERS
1374,GRIF,NASDAQ,"GRIFFIN INDUSTRIAL REALTY, INC.",FINANCE,REAL ESTATE
1378,GGAL,NASDAQ,GRUPO FINANCIERO GALICIA S.A.,FINANCE,COMMERCIAL BANKS
1383,GTYH,NASDAQ,"GTY TECHNOLOGY HOLDINGS, INC.",FINANCE,BUSINESS SERVICES
1384,GTYHU,NASDAQ,"GTY TECHNOLOGY HOLDINGS, INC.",FINANCE,BUSINESS SERVICES
1385,GTYHW,NASDAQ,"GTY TECHNOLOGY HOLDINGS, INC.",FINANCE,BUSINESS SERVICES
1386,GBNK,NASDAQ,GUARANTY BANCORP,FINANCE,MAJOR BANKS
1387,GNTY,NASDAQ,"GUARANTY BANCSHARES, INC.",FINANCE,MAJOR BANKS
1388,GFED,NASDAQ,"GUARANTY FEDERAL BANCSHARES, INC.",FINANCE,MAJOR BANKS
1393,GWGH,NASDAQ,"GWG HOLDINGS, INC",FINANCE,LIFE INSURANCE
1398,HALL,NASDAQ,"HALLMARK FINANCIAL SERVICES, INC.",FINANCE,PROPERTY-CASUALTY INSURERS
1400,HBK,NASDAQ,"HAMILTON BANCORP, INC.",FINANCE,SAVINGS INSTITUTIONS
1401,HLNE,NASDAQ,HAMILTON LANE INCORPORATED,FINANCE,INVESTMENT MANAGERS
1402,HBHC,NASDAQ,HANCOCK HOLDING COMPANY,FINANCE,MAJOR BANKS
1403,HBHCL,NASDAQ,HANCOCK HOLDING COMPANY,FINANCE,MAJOR BANKS
1404,HAFC,NASDAQ,HANMI FINANCIAL CORPORATION,FINANCE,MAJOR BANKS
1406,HONE,NASDAQ,"HARBORONE BANCORP, INC.",FINANCE,MAJOR BANKS
1417,HWBK,NASDAQ,"HAWTHORN BANCSHARES, INC.",FINANCE,MAJOR BANKS
1418,HYAC,NASDAQ,HAYMAKER ACQUISITION CORP.,FINANCE,BUSINESS SERVICES
1419,HYACU,NASDAQ,HAYMAKER ACQUISITION CORP.,FINANCE,BUSINESS SERVICES
1420,HYACW,NASDAQ,HAYMAKER ACQUISITION CORP.,FINANCE,BUSINESS SERVICES
1423,HIIQ,NASDAQ,"HEALTH INSURANCE INNOVATIONS, INC.",FINANCE,SPECIALTY INSURERS
1428,HTLF,NASDAQ,"HEARTLAND FINANCIAL USA, INC.",FINANCE,MAJOR BANKS
1436,HNNA,NASDAQ,"HENNESSY ADVISORS, INC.",FINANCE,INVESTMENT MANAGERS
1438,HTBK,NASDAQ,HERITAGE COMMERCE CORP,FINANCE,MAJOR BANKS
1439,HFWA,NASDAQ,HERITAGE FINANCIAL CORPORATION,FINANCE,BANKS
1444,HX,NASDAQ,HEXINDAI INC.,FINANCE,FINANCE: CONSUMER SERVICES
1452,HMNF,NASDAQ,"HMN FINANCIAL, INC.",FINANCE,SAVINGS INSTITUTIONS
1456,HBCP,NASDAQ,"HOME BANCORP, INC.",FINANCE,BANKS
1457,HOMB,NASDAQ,"HOME BANCSHARES, INC.",FINANCE,MAJOR BANKS
1458,HFBL,NASDAQ,"HOME FEDERAL BANCORP, INC. OF LOUISIANA",FINANCE,SAVINGS INSTITUTIONS
1459,HMST,NASDAQ,"HOMESTREET, INC.",FINANCE,MAJOR BANKS
1460,HMTA,NASDAQ,HOMETOWN BANKSHARES CORPORATION,FINANCE,MAJOR BANKS
1461,HTBI,NASDAQ,"HOMETRUST BANCSHARES, INC.",FINANCE,SAVINGS INSTITUTIONS
1464,HOPE,NASDAQ,"HOPE BANCORP, INC.",FINANCE,MAJOR BANKS
1465,HFBC,NASDAQ,"HOPFED BANCORP, INC.",FINANCE,MAJOR BANKS
1466,HBNC,NASDAQ,"HORIZON BANCORP, INC.",FINANCE,MAJOR BANKS
1478,HBMD,NASDAQ,"HOWARD BANCORP, INC.",FINANCE,MAJOR BANKS
1486,HBAN,NASDAQ,HUNTINGTON BANCSHARES INCORPORATED,FINANCE,MAJOR BANKS
1487,HBANN,NASDAQ,HUNTINGTON BANCSHARES INCORPORATED,FINANCE,MAJOR BANKS
1488,HBANO,NASDAQ,HUNTINGTON BANCSHARES INCORPORATED,FINANCE,MAJOR BANKS
1493,HVBC,NASDAQ,"HV BANCORP, INC.",FINANCE,MAJOR BANKS
1497,IAM,NASDAQ,I-AM CAPITAL ACQUISITION COMPANY,FINANCE,BUSINESS SERVICES
1498,IAMXR,NASDAQ,I-AM CAPITAL ACQUISITION COMPANY,FINANCE,BUSINESS SERVICES
1499,IAMXW,NASDAQ,I-AM CAPITAL ACQUISITION COMPANY,FINANCE,BUSINESS SERVICES
1500,IBKC,NASDAQ,IBERIABANK CORPORATION,FINANCE,MAJOR BANKS
1501,IBKCO,NASDAQ,IBERIABANK CORPORATION,FINANCE,MAJOR BANKS
1502,IBKCP,NASDAQ,IBERIABANK CORPORATION,FINANCE,MAJOR BANKS
1505,ICCH,NASDAQ,"ICC HOLDINGS, INC.",FINANCE,PROPERTY-CASUALTY INSURERS
1517,IROQ,NASDAQ,"IF BANCORP, INC.",FINANCE,SAVINGS INSTITUTIONS
1523,ILG,NASDAQ,"ILG, INC",FINANCE,REAL ESTATE
1539,INDB,NASDAQ,INDEPENDENT BANK CORP.,FINANCE,MAJOR BANKS
1540,IBCP,NASDAQ,INDEPENDENT BANK CORPORATION,FINANCE,MAJOR BANKS
1541,IBTX,NASDAQ,"INDEPENDENT BANK GROUP, INC",FINANCE,MAJOR BANKS
1542,INDU,NASDAQ,INDUSTREA ACQUISITION CORP.,FINANCE,BUSINESS SERVICES
1543,INDUU,NASDAQ,INDUSTREA ACQUISITION CORP.,FINANCE,BUSINESS SERVICES
1544,INDUW,NASDAQ,INDUSTREA ACQUISITION CORP.,FINANCE,BUSINESS SERVICES
1549,IPCC,NASDAQ,INFINITY PROPERTY AND CASUALTY CORPORATION,FINANCE,PROPERTY-CASUALTY INSURERS
1553,IEA,NASDAQ,"INFRASTRUCTURE AND ENERGY ALTERNATIVES, INC.",FINANCE,BUSINESS SERVICES
1554,IEAWW,NASDAQ,"INFRASTRUCTURE AND ENERGY ALTERNATIVES, INC.",FINANCE,BUSINESS SERVICES
1583,IBKR,NASDAQ,"INTERACTIVE BROKERS GROUP, INC.",FINANCE,INVESTMENT BANKERS/BROKERS/SERVICE
1590,IBOC,NASDAQ,INTERNATIONAL BANCSHARES CORPORATION,FINANCE,MAJOR BANKS
1598,INTL,NASDAQ,INTL FCSTONE INC.,FINANCE,INVESTMENT BANKERS/BROKERS/SERVICE
1603,ISTR,NASDAQ,INVESTAR HOLDING CORPORATION,FINANCE,MAJOR BANKS
1604,ISBC,NASDAQ,"INVESTORS BANCORP, INC.",FINANCE,MAJOR BANKS
1605,ITIC,NASDAQ,INVESTORS TITLE COMPANY,FINANCE,SPECIALTY INSURERS
1701,JXSB,NASDAQ,JACKSONVILLE BANCORP INC.,FINANCE,SAVINGS INSTITUTIONS
1705,JRVR,NASDAQ,"JAMES RIVER GROUP HOLDINGS, LTD.",FINANCE,PROPERTY-CASUALTY INSURERS
1719,JTPY,NASDAQ,JETPAY CORPORATION,FINANCE,BUSINESS SERVICES
1733,KAAC,NASDAQ,KAYNE ANDERSON ACQUISITION CORP.,FINANCE,BUSINESS SERVICES
1734,KAACU,NASDAQ,KAYNE ANDERSON ACQUISITION CORP.,FINANCE,BUSINESS SERVICES
1735,KAACW,NASDAQ,KAYNE ANDERSON ACQUISITION CORP.,FINANCE,BUSINESS SERVICES
1737,KBLM,NASDAQ,KBL MERGER CORP. IV,FINANCE,BUSINESS SERVICES
1738,KBLMR,NASDAQ,KBL MERGER CORP. IV,FINANCE,BUSINESS SERVICES
1739,KBLMU,NASDAQ,KBL MERGER CORP. IV,FINANCE,BUSINESS SERVICES
1740,KBLMW,NASDAQ,KBL MERGER CORP. IV,FINANCE,BUSINESS SERVICES
1744,KRNY,NASDAQ,KEARNY FINANCIAL,FINANCE,SAVINGS INSTITUTIONS
1748,KFFB,NASDAQ,KENTUCKY FIRST FEDERAL BANCORP,FINANCE,SAVINGS INSTITUTIONS
1757,KINS,NASDAQ,"KINGSTONE COMPANIES, INC",FINANCE,PROPERTY-CASUALTY INSURERS
1759,KNSL,NASDAQ,"KINSALE CAPITAL GROUP, INC.",FINANCE,PROPERTY-CASUALTY INSURERS
1777,LSBK,NASDAQ,"LAKE SHORE BANCORP, INC.",FINANCE,SAVINGS INSTITUTIONS
1778,LBAI,NASDAQ,"LAKELAND BANCORP, INC.",FINANCE,MAJOR BANKS
1779,LKFN,NASDAQ,LAKELAND FINANCIAL CORPORATION,FINANCE,MAJOR BANKS
1784,LCA,NASDAQ,"LANDCADIA HOLDINGS, INC.",FINANCE,BUSINESS SERVICES
1785,LCAHU,NASDAQ,"LANDCADIA HOLDINGS, INC.",FINANCE,BUSINESS SERVICES
1786,LCAHW,NASDAQ,"LANDCADIA HOLDINGS, INC.",FINANCE,BUSINESS SERVICES
1788,LARK,NASDAQ,LANDMARK BANCORP INC.,FINANCE,MAJOR BANKS
1802,LCNB,NASDAQ,LCNB CORPORATION,FINANCE,MAJOR BANKS
1808,LTXB,NASDAQ,"LEGACYTEXAS FINANCIAL GROUP, INC.",FINANCE,SAVINGS INSTITUTIONS
1815,LACQ,NASDAQ,LEISURE ACQUISITION CORP.,FINANCE,BUSINESS SERVICES
1816,LACQU,NASDAQ,LEISURE ACQUISITION CORP.,FINANCE,BUSINESS SERVICES
1817,LACQW,NASDAQ,LEISURE ACQUISITION CORP.,FINANCE,BUSINESS SERVICES
1819,TREE,NASDAQ,"LENDINGTREE, INC.",FINANCE,FINANCE: CONSUMER SERVICES
1820,LEVL,NASDAQ,"LEVEL ONE BANCORP, INC.",FINANCE,MAJOR BANKS
1822,LX,NASDAQ,LEXINFINTECH HOLDINGS LTD.,FINANCE,FINANCE: CONSUMER SERVICES
1865,LOB,NASDAQ,"LIVE OAK BANCSHARES, INC.",FINANCE,MAJOR BANKS
1866,LIVE,NASDAQ,LIVE VENTURES INCORPORATED,FINANCE,FINANCE/INVESTORS SERVICES
1870,LMFA,NASDAQ,"LM FUNDING AMERICA, INC.",FINANCE,FINANCE: CONSUMER SERVICES
1871,LMFAW,NASDAQ,"LM FUNDING AMERICA, INC.",FINANCE,FINANCE: CONSUMER SERVICES
1880,LPLA,NASDAQ,LPL FINANCIAL HOLDINGS INC.,FINANCE,INVESTMENT BANKERS/BROKERS/SERVICE
1887,LBC,NASDAQ,LUTHER BURBANK CORPORATION,FINANCE,MAJOR BANKS
1888,MBTF,NASDAQ,M B T FINANCIAL CORP,FINANCE,MAJOR BANKS
1889,MACQ,NASDAQ,"M I ACQUISITIONS, INC.",FINANCE,BUSINESS SERVICES
1891,MACQW,NASDAQ,"M I ACQUISITIONS, INC.",FINANCE,BUSINESS SERVICES
1893,MCBC,NASDAQ,MACATAWA BANK CORPORATION,FINANCE,MAJOR BANKS
1894,MFNC,NASDAQ,MACKINAC FINANCIAL CORPORATION,FINANCE,MAJOR BANKS
1903,MGYR,NASDAQ,"MAGYAR BANCORP, INC.",FINANCE,SAVINGS INSTITUTIONS
1904,MHLD,NASDAQ,"MAIDEN HOLDINGS, LTD.",FINANCE,PROPERTY-CASUALTY INSURERS
1907,MLVF,NASDAQ,"MALVERN BANCORP, INC.",FINANCE,BANKS
1921,MKTX,NASDAQ,"MARKETAXESS HOLDINGS, INC.",FINANCE,INVESTMENT BANKERS/BROKERS/SERVICE
1922,MRLN,NASDAQ,MARLIN BUSINESS SERVICES CORP.,FINANCE,MAJOR BANKS
1931,MPAC,NASDAQ,MATLIN & PARTNERS ACQUISITION CORPORATION,FINANCE,BUSINESS SERVICES
1932,MPACU,NASDAQ,MATLIN & PARTNERS ACQUISITION CORPORATION,FINANCE,BUSINESS SERVICES
1933,MPACW,NASDAQ,MATLIN & PARTNERS ACQUISITION CORPORATION,FINANCE,BUSINESS SERVICES
1941,MBFI,NASDAQ,MB FINANCIAL INC.,FINANCE,MAJOR BANKS
1942,MBFIO,NASDAQ,MB FINANCIAL INC.,FINANCE,MAJOR BANKS
1946,MFIN,NASDAQ,MEDALLION FINANCIAL CORP.,FINANCE,FINANCE: CONSUMER SERVICES
1947,MFINL,NASDAQ,MEDALLION FINANCIAL CORP.,FINANCE,FINANCE: CONSUMER SERVICES
1959,MELR,NASDAQ,"MELROSE BANCORP, INC.",FINANCE,MAJOR BANKS
1963,MBWM,NASDAQ,MERCANTILE BANK CORPORATION,FINANCE,MAJOR BANKS
1965,MBIN,NASDAQ,MERCHANTS BANCORP,FINANCE,MAJOR BANKS
1967,EBSB,NASDAQ,"MERIDIAN BANCORP, INC.",FINANCE,MAJOR BANKS
1976,CASH,NASDAQ,"META FINANCIAL GROUP, INC.",FINANCE,SAVINGS INSTITUTIONS
1988,MPB,NASDAQ,MID PENN BANCORP,FINANCE,MAJOR BANKS
1991,MBCN,NASDAQ,MIDDLEFIELD BANC CORP.,FINANCE,MAJOR BANKS
1993,MSBI,NASDAQ,"MIDLAND STATES BANCORP, INC.",FINANCE,MAJOR BANKS
1994,MOFG,NASDAQ,"MIDWESTONE FINANCIAL GROUP, INC.",FINANCE,MAJOR BANKS
2008,MMAC,NASDAQ,"MMA CAPITAL MANAGEMENT, LLC",FINANCE,REAL ESTATE
2011,MMDM,NASDAQ,MODERN MEDIA ACQUISITION CORP.,FINANCE,BUSINESS SERVICES
2012,MMDMR,NASDAQ,MODERN MEDIA ACQUISITION CORP.,FINANCE,BUSINESS SERVICES
2013,MMDMU,NASDAQ,MODERN MEDIA ACQUISITION CORP.,FINANCE,BUSINESS SERVICES
2014,MMDMW,NASDAQ,MODERN MEDIA ACQUISITION CORP.,FINANCE,BUSINESS SERVICES
2015,MOGO,NASDAQ,MOGO FINANCE TECHNOLOGY INC.,FINANCE,FINANCE: CONSUMER SERVICES
2030,MORN,NASDAQ,"MORNINGSTAR, INC.",FINANCE,INVESTMENT MANAGERS
2039,MSBF,NASDAQ,MSB FINANCIAL CORP.,FINANCE,SAVINGS INSTITUTIONS
2040,MTEC,NASDAQ,MTECH ACQUISITION CORP.,FINANCE,BUSINESS SERVICES
2041,MTECU,NASDAQ,MTECH ACQUISITION CORP.,FINANCE,BUSINESS SERVICES
2042,MTECW,NASDAQ,MTECH ACQUISITION CORP.,FINANCE,BUSINESS SERVICES
2046,MUDS,NASDAQ,MUDRICK CAPITAL ACQUISITION CORPORATION,FINANCE,BUSINESS SERVICES
2047,MUDSU,NASDAQ,MUDRICK CAPITAL ACQUISITION CORPORATION,FINANCE,BUSINESS SERVICES
2048,MUDSW,NASDAQ,MUDRICK CAPITAL ACQUISITION CORPORATION,FINANCE,BUSINESS SERVICES
2051,MFSF,NASDAQ,MUTUALFIRST FINANCIAL INC.,FINANCE,MAJOR BANKS
2052,MVBF,NASDAQ,MVB FINANCIAL CORP.,FINANCE,MAJOR BANKS
2070,NDAQ,NASDAQ,"NASDAQ, INC.",FINANCE,INVESTMENT BANKERS/BROKERS/SERVICE
2074,NKSH,NASDAQ,"NATIONAL BANKSHARES, INC.",FINANCE,MAJOR BANKS
2077,NCOM,NASDAQ,NATIONAL COMMERCE CORPORATION,FINANCE,MAJOR BANKS
2080,NGHC,NASDAQ,NATIONAL GENERAL HOLDINGS CORP,FINANCE,PROPERTY-CASUALTY INSURERS
2081,NGHCN,NASDAQ,NATIONAL GENERAL HOLDINGS CORP,FINANCE,PROPERTY-CASUALTY INSURERS
2082,NGHCO,NASDAQ,NATIONAL GENERAL HOLDINGS CORP,FINANCE,PROPERTY-CASUALTY INSURERS
2083,NGHCP,NASDAQ,NATIONAL GENERAL HOLDINGS CORP,FINANCE,PROPERTY-CASUALTY INSURERS
2084,NGHCZ,NASDAQ,NATIONAL GENERAL HOLDINGS CORP,FINANCE,PROPERTY-CASUALTY INSURERS
2085,NHLD,NASDAQ,NATIONAL HOLDINGS CORPORATION,FINANCE,INVESTMENT BANKERS/BROKERS/SERVICE
2086,NHLDW,NASDAQ,NATIONAL HOLDINGS CORPORATION,FINANCE,INVESTMENT BANKERS/BROKERS/SERVICE
2089,NSEC,NASDAQ,"NATIONAL SECURITY GROUP, INC.",FINANCE,LIFE INSURANCE
2091,NWLI,NASDAQ,"NATIONAL WESTERN LIFE GROUP, INC.",FINANCE,LIFE INSURANCE
2096,JSM,NASDAQ,NAVIENT CORPORATION,FINANCE,FINANCE: CONSUMER SERVICES
2097,NAVI,NASDAQ,NAVIENT CORPORATION,FINANCE,INVESTMENT BANKERS/BROKERS/SERVICE
2098,NBTB,NASDAQ,NBT BANCORP INC.,FINANCE,MAJOR BANKS
2100,NEBU,NASDAQ,NEBULA ACQUISITION CORPORATION,FINANCE,BUSINESS SERVICES
2101,NEBUU,NASDAQ,NEBULA ACQUISITION CORPORATION,FINANCE,BUSINESS SERVICES
2102,NEBUW,NASDAQ,NEBULA ACQUISITION CORPORATION,FINANCE,BUSINESS SERVICES
2111,UEPS,NASDAQ,"NET 1 UEPS TECHNOLOGIES, INC.",FINANCE,INVESTMENT BANKERS/BROKERS/SERVICE
2129,NYMTP,NASDAQ,"NEW YORK MORTGAGE TRUST, INC.",FINANCE,FINANCE: CONSUMER SERVICES
2132,NMRK,NASDAQ,"NEWMARK GROUP, INC.",FINANCE,REAL ESTATE
2144,NODK,NASDAQ,"NI HOLDINGS, INC.",FINANCE,PROPERTY-CASUALTY INSURERS
2147,NICK,NASDAQ,"NICHOLAS FINANCIAL, INC.",FINANCE,FINANCE COMPANIES
2148,NCBS,NASDAQ,NICOLET BANKSHARES INC.,FINANCE,MAJOR BANKS
2152,NMIH,NASDAQ,NMI HOLDINGS INC,FINANCE,PROPERTY-CASUALTY INSURERS
2157,NBN,NASDAQ,NORTHEAST BANCORP,FINANCE,MAJOR BANKS
2159,NTRS,NASDAQ,NORTHERN TRUST CORPORATION,FINANCE,MAJOR BANKS
2160,NTRSP,NASDAQ,NORTHERN TRUST CORPORATION,FINANCE,MAJOR BANKS
2161,NFBK,NASDAQ,"NORTHFIELD BANCORP, INC.",FINANCE,SAVINGS INSTITUTIONS
2162,NRIM,NASDAQ,NORTHRIM BANCORP INC,FINANCE,SAVINGS INSTITUTIONS
2163,NWBI,NASDAQ,"NORTHWEST BANCSHARES, INC.",FINANCE,MAJOR BANKS
2165,NWFL,NASDAQ,NORWOOD FINANCIAL CORP.,FINANCE,MAJOR BANKS
2191,OVLY,NASDAQ,OAK VALLEY BANCORP (CA),FINANCE,MAJOR BANKS
2201,OCFC,NASDAQ,OCEANFIRST FINANCIAL CORP.,FINANCE,SAVINGS INSTITUTIONS
2203,OFED,NASDAQ,OCONEE FEDERAL FINANCIAL CORP.,FINANCE,SAVINGS INSTITUTIONS
2211,OVBC,NASDAQ,OHIO VALLEY BANC CORP.,FINANCE,MAJOR BANKS
2215,OLBK,NASDAQ,"OLD LINE BANCSHARES, INC.",FINANCE,MAJOR BANKS
2216,ONB,NASDAQ,OLD NATIONAL BANCORP,FINANCE,MAJOR BANKS
2217,OPOF,NASDAQ,OLD POINT FINANCIAL CORPORATION,FINANCE,MAJOR BANKS
2218,OSBC,NASDAQ,"OLD SECOND BANCORP, INC.",FINANCE,MAJOR BANKS
2219,OSBCP,NASDAQ,"OLD SECOND BANCORP, INC.",FINANCE,MAJOR BANKS
2237,OPBK,NASDAQ,OP BANCORP,FINANCE,MAJOR BANKS
2239,OPES,NASDAQ,OPES ACQUISITION CORP.,FINANCE,BUSINESS SERVICES
2240,OPESU,NASDAQ,OPES ACQUISITION CORP.,FINANCE,BUSINESS SERVICES
2241,OPESW,NASDAQ,OPES ACQUISITION CORP.,FINANCE,BUSINESS SERVICES
2247,OBAS,NASDAQ,OPTIBASE LTD.,FINANCE,REAL ESTATE
2249,OPHC,NASDAQ,"OPTIMUMBANK HOLDINGS, INC.",FINANCE,MAJOR BANKS
2262,ORIT,NASDAQ,ORITANI FINANCIAL CORP.,FINANCE,MAJOR BANKS
2263,ORRF,NASDAQ,ORRSTOWN FINANCIAL SERVICES INC,FINANCE,MAJOR BANKS
2267,OSPR,NASDAQ,OSPREY ENERGY ACQUISITION CORP.,FINANCE,BUSINESS SERVICES
2268,OSPRU,NASDAQ,OSPREY ENERGY ACQUISITION CORP.,FINANCE,BUSINESS SERVICES
2269,OSPRW,NASDAQ,OSPREY ENERGY ACQUISITION CORP.,FINANCE,BUSINESS SERVICES
2273,OTTW,NASDAQ,"OTTAWA BANCORP, INC.",FINANCE,SAVINGS INSTITUTIONS
2278,OXBR,NASDAQ,OXBRIDGE RE HOLDINGS LIMITED,FINANCE,PROPERTY-CASUALTY INSURERS
2279,OXBRW,NASDAQ,OXBRIDGE RE HOLDINGS LIMITED,FINANCE,PROPERTY-CASUALTY INSURERS
2292,PMBC,NASDAQ,PACIFIC MERCANTILE BANCORP,FINANCE,MAJOR BANKS
2293,PPBI,NASDAQ,PACIFIC PREMIER BANCORP INC,FINANCE,MAJOR BANKS
2295,PACW,NASDAQ,PACWEST BANCORP,FINANCE,MAJOR BANKS
2303,PKBK,NASDAQ,"PARKE BANCORP, INC.",FINANCE,MAJOR BANKS
2307,PBHC,NASDAQ,"PATHFINDER BANCORP, INC.",FINANCE,MAJOR BANKS
2309,PNBK,NASDAQ,PATRIOT NATIONAL BANCORP INC.,FINANCE,MAJOR BANKS
2319,PYDS,NASDAQ,"PAYMENT DATA SYSTEMS, INC.",FINANCE,INVESTMENT BANKERS/BROKERS/SERVICE
2321,PBBI,NASDAQ,"PB BANCORP, INC.",FINANCE,SAVINGS INSTITUTIONS
2324,PCSB,NASDAQ,PCSB FINANCIAL CORPORATION,FINANCE,BANKS
2329,PDLB,NASDAQ,PDL COMMUNITY BANCORP,FINANCE,SAVINGS INSTITUTIONS
2332,PGC,NASDAQ,PEAPACK-GLADSTONE FINANCIAL CORPORATION,FINANCE,COMMERCIAL BANKS
2338,PWOD,NASDAQ,"PENNS WOODS BANCORP, INC.",FINANCE,MAJOR BANKS
2339,WRLS,NASDAQ,PENSARE ACQUISITION CORP.,FINANCE,BUSINESS SERVICES
2340,WRLSR,NASDAQ,PENSARE ACQUISITION CORP.,FINANCE,BUSINESS SERVICES
2341,WRLSU,NASDAQ,PENSARE ACQUISITION CORP.,FINANCE,BUSINESS SERVICES
2342,WRLSW,NASDAQ,PENSARE ACQUISITION CORP.,FINANCE,BUSINESS SERVICES
2343,PEBO,NASDAQ,PEOPLES BANCORP INC.,FINANCE,MAJOR BANKS
2344,PEBK,NASDAQ,"PEOPLES BANCORP OF NORTH CAROLINA, INC.",FINANCE,MAJOR BANKS
2345,PFIS,NASDAQ,PEOPLES FINANCIAL SERVICES CORP.,FINANCE,MAJOR BANKS
2346,PBCT,NASDAQ,"PEOPLE&#39;S UNITED FINANCIAL, INC.",FINANCE,SAVINGS INSTITUTIONS
2347,PBCTP,NASDAQ,"PEOPLE&#39;S UNITED FINANCIAL, INC.",FINANCE,SAVINGS INSTITUTIONS
2348,PUB,NASDAQ,PEOPLE&#39;S UTAH BANCORP,FINANCE,MAJOR BANKS
2366,PICO,NASDAQ,PICO HOLDINGS INC.,FINANCE,REAL ESTATE
2372,PNFP,NASDAQ,"PINNACLE FINANCIAL PARTNERS, INC.",FINANCE,MAJOR BANKS
2375,EAGL,NASDAQ,PLATINUM EAGLE ACQUISITION CORP.,FINANCE,BUSINESS SERVICES
2376,EAGLU,NASDAQ,PLATINUM EAGLE ACQUISITION CORP.,FINANCE,BUSINESS SERVICES
2377,EAGLW,NASDAQ,PLATINUM EAGLE ACQUISITION CORP.,FINANCE,BUSINESS SERVICES
2381,PLBC,NASDAQ,PLUMAS BANCORP,FINANCE,FINANCE COMPANIES
2384,PBSK,NASDAQ,"POAGE BANKSHARES, INC.",FINANCE,SAVINGS INSTITUTIONS
2391,BPOP,NASDAQ,"POPULAR, INC.",FINANCE,MAJOR BANKS
2392,BPOPM,NASDAQ,"POPULAR, INC.",FINANCE,MAJOR BANKS
2393,BPOPN,NASDAQ,"POPULAR, INC.",FINANCE,MAJOR BANKS
2394,PBIB,NASDAQ,"PORTER BANCORP, INC.",FINANCE,MAJOR BANKS
2451,PRAA,NASDAQ,"PRA GROUP, INC.",FINANCE,FINANCE: CONSUMER SERVICES
2459,PFBI,NASDAQ,"PREMIER FINANCIAL BANCORP, INC.",FINANCE,MAJOR BANKS
2469,PFG,NASDAQ,PRINCIPAL FINANCIAL GROUP INC,FINANCE,ACCIDENT &HEALTH INSURANCE
2498,PVBC,NASDAQ,"PROVIDENT BANCORP, INC.",FINANCE,SAVINGS INSTITUTIONS
2499,PROV,NASDAQ,"PROVIDENT FINANCIAL HOLDINGS, INC.",FINANCE,SAVINGS INSTITUTIONS
2500,PBIP,NASDAQ,"PRUDENTIAL BANCORP, INC.",FINANCE,BANKS
2507,PACQU,NASDAQ,PURE ACQUISITION CORP.,FINANCE,BUSINESS SERVICES
2514,QCRH,NASDAQ,"QCR HOLDINGS, INC.",FINANCE,MAJOR BANKS
2545,RNDB,NASDAQ,"RANDOLPH BANCORP, INC.",FINANCE,MAJOR BANKS
2549,RBB,NASDAQ,RBB BANCORP,FINANCE,MAJOR BANKS
2565,RDFN,NASDAQ,REDFIN CORPORATION,FINANCE,REAL ESTATE
2571,RBNC,NASDAQ,"RELIANT BANCORP, INC.",FINANCE,MAJOR BANKS
2574,RNST,NASDAQ,RENASANT CORPORATION,FINANCE,MAJOR BANKS
2579,RBCAA,NASDAQ,"REPUBLIC BANCORP, INC.",FINANCE,MAJOR BANKS
2580,FRBK,NASDAQ,"REPUBLIC FIRST BANCORP, INC.",FINANCE,MAJOR BANKS
2607,RVSB,NASDAQ,RIVERVIEW BANCORP INC,FINANCE,SAVINGS INSTITUTIONS
2631,STBA,NASDAQ,"S&T BANCORP, INC.",FINANCE,MAJOR BANKS
2633,SCAC,NASDAQ,SABAN CAPITAL ACQUISITION CORP.,FINANCE,BUSINESS SERVICES
2634,SCACU,NASDAQ,SABAN CAPITAL ACQUISITION CORP.,FINANCE,BUSINESS SERVICES
2635,SCACW,NASDAQ,SABAN CAPITAL ACQUISITION CORP.,FINANCE,BUSINESS SERVICES
2640,SAFT,NASDAQ,"SAFETY INSURANCE GROUP, INC.",FINANCE,PROPERTY-CASUALTY INSURERS
2644,SAL,NASDAQ,"SALISBURY BANCORP, INC.",FINANCE,SAVINGS INSTITUTIONS
2646,SASR,NASDAQ,"SANDY SPRING BANCORP, INC.",FINANCE,MAJOR BANKS
2653,SBFG,NASDAQ,"SB FINANCIAL GROUP, INC.",FINANCE,MAJOR BANKS
2654,SBFGP,NASDAQ,"SB FINANCIAL GROUP, INC.",FINANCE,MAJOR BANKS
2655,SBBX,NASDAQ,SB ONE BANCORP,FINANCE,MAJOR BANKS
2665,SBCF,NASDAQ,SEACOAST BANKING CORPORATION OF FLORIDA,FINANCE,MAJOR BANKS
2678,SNFCA,NASDAQ,SECURITY NATIONAL FINANCIAL CORPORATION,FINANCE,FINANCE: CONSUMER SERVICES
2679,SEIC,NASDAQ,SEI INVESTMENTS COMPANY,FINANCE,INVESTMENT BANKERS/BROKERS/SERVICE
2680,SLCT,NASDAQ,"SELECT BANCORP, INC.",FINANCE,MAJOR BANKS
2683,SIGI,NASDAQ,"SELECTIVE INSURANCE GROUP, INC.",FINANCE,PROPERTY-CASUALTY INSURERS
2691,AIHS,NASDAQ,SENMIAO TECHNOLOGY LIMITED,FINANCE,FINANCE: CONSUMER SERVICES
2695,STNL,NASDAQ,SENTINEL ENERGY SERVICES INC.,FINANCE,BUSINESS SERVICES
2696,STNLU,NASDAQ,SENTINEL ENERGY SERVICES INC.,FINANCE,BUSINESS SERVICES
2697,STNLW,NASDAQ,SENTINEL ENERGY SERVICES INC.,FINANCE,BUSINESS SERVICES
2701,SFBS,NASDAQ,"SERVISFIRST BANCSHARES, INC.",FINANCE,MAJOR BANKS
2703,SVBI,NASDAQ,SEVERN BANCORP INC,FINANCE,MAJOR BANKS
2715,SHBI,NASDAQ,SHORE BANCSHARES INC,FINANCE,MAJOR BANKS
2718,SIFI,NASDAQ,"SI FINANCIAL GROUP, INC.",FINANCE,SAVINGS INSTITUTIONS
2719,SIEB,NASDAQ,SIEBERT FINANCIAL CORP.,FINANCE,INVESTMENT BANKERS/BROKERS/SERVICE
2722,BSRR,NASDAQ,SIERRA BANCORP,FINANCE,MAJOR BANKS
2731,SBNY,NASDAQ,SIGNATURE BANK,FINANCE,MAJOR BANKS
2732,SBNYW,NASDAQ,SIGNATURE BANK,FINANCE,MAJOR BANKS
2737,SAMG,NASDAQ,SILVERCREST ASSET MANAGEMENT GROUP INC.,FINANCE,INVESTMENT MANAGERS
2739,SFNC,NASDAQ,SIMMONS FIRST NATIONAL CORPORATION,FINANCE,MAJOR BANKS
2751,SLM,NASDAQ,SLM CORPORATION,FINANCE,FINANCE: CONSUMER SERVICES
2752,SLMBP,NASDAQ,SLM CORPORATION,FINANCE,FINANCE: CONSUMER SERVICES
2755,SMBK,NASDAQ,"SMARTFINANCIAL, INC.",FINANCE,MAJOR BANKS
2782,SFBC,NASDAQ,"SOUND FINANCIAL BANCORP, INC.",FINANCE,SAVINGS INSTITUTIONS
2783,SSB,NASDAQ,SOUTH STATE CORPORATION,FINANCE,MAJOR BANKS
2784,SFST,NASDAQ,"SOUTHERN FIRST BANCSHARES, INC.",FINANCE,MAJOR BANKS
2785,SMBC,NASDAQ,"SOUTHERN MISSOURI BANCORP, INC.",FINANCE,BANKS
2786,SONA,NASDAQ,"SOUTHERN NATIONAL BANCORP OF VIRGINIA, INC.",FINANCE,MAJOR BANKS
2787,SBSI,NASDAQ,"SOUTHSIDE BANCSHARES, INC.",FINANCE,MAJOR BANKS
2801,STXB,NASDAQ,"SPIRIT OF TEXAS BANCSHARES, INC.",FINANCE,MAJOR BANKS
2810,SSLJ,NASDAQ,SSLJ.COM LIMITED,FINANCE,DIVERSIFIED COMMERCIAL SERVICES
2818,STFC,NASDAQ,STATE AUTO FINANCIAL CORPORATION,FINANCE,PROPERTY-CASUALTY INSURERS
2819,STBZ,NASDAQ,STATE BANK FINANCIAL CORPORATION.,FINANCE,MAJOR BANKS
2832,SBT,NASDAQ,"STERLING BANCORP, INC.",FINANCE,SAVINGS INSTITUTIONS
2835,SSFN,NASDAQ,STEWARDSHIP FINANCIAL CORP,FINANCE,MAJOR BANKS
2837,SYBT,NASDAQ,"STOCK YARDS BANCORP, INC.",FINANCE,MAJOR BANKS
2848,SMMF,NASDAQ,"SUMMIT FINANCIAL GROUP, INC.",FINANCE,MAJOR BANKS
2867,SIVB,NASDAQ,SVB FINANCIAL GROUP,FINANCE,MAJOR BANKS
2883,TROW,NASDAQ,"T. ROWE PRICE GROUP, INC.",FINANCE,INVESTMENT BANKERS/BROKERS/SERVICE
2899,AMTD,NASDAQ,TD AMERITRADE HOLDING CORPORATION,FINANCE,INVESTMENT BANKERS/BROKERS/SERVICE
2911,TBNK,NASDAQ,TERRITORIAL BANCORP INC.,FINANCE,SAVINGS INSTITUTIONS
2917,TCBI,NASDAQ,"TEXAS CAPITAL BANCSHARES, INC.",FINANCE,MAJOR BANKS
2918,TCBIL,NASDAQ,"TEXAS CAPITAL BANCSHARES, INC.",FINANCE,MAJOR BANKS
2919,TCBIP,NASDAQ,"TEXAS CAPITAL BANCSHARES, INC.",FINANCE,MAJOR BANKS
2920,TCBIW,NASDAQ,"TEXAS CAPITAL BANCSHARES, INC.",FINANCE,MAJOR BANKS
2923,TFSL,NASDAQ,TFS FINANCIAL CORPORATION,FINANCE,SAVINGS INSTITUTIONS
2926,TBBK,NASDAQ,"THE BANCORP, INC.",FINANCE,MAJOR BANKS
2928,CG,NASDAQ,THE CARLYLE GROUP L.P.,FINANCE,INVESTMENT MANAGERS
2929,TCGP,NASDAQ,THE CARLYLE GROUP L.P.,FINANCE,INVESTMENT MANAGERS
2932,TCFC,NASDAQ,THE COMMUNITY FINANCIAL CORPORATION,FINANCE,MAJOR BANKS
2938,FBMS,NASDAQ,"THE FIRST BANCSHARES, INC.",FINANCE,MAJOR BANKS
2939,FLIC,NASDAQ,THE FIRST OF LONG ISLAND CORPORATION,FINANCE,MAJOR BANKS
2954,NAVG,NASDAQ,"THE NAVIGATORS GROUP, INC.",FINANCE,PROPERTY-CASUALTY INSURERS
2972,TIBR,NASDAQ,TIBERIUS ACQUISITION CORPORATION,FINANCE,BUSINESS SERVICES
2973,TIBRU,NASDAQ,TIBERIUS ACQUISITION CORPORATION,FINANCE,BUSINESS SERVICES
2974,TIBRW,NASDAQ,TIBERIUS ACQUISITION CORPORATION,FINANCE,BUSINESS SERVICES
2977,TSBK,NASDAQ,"TIMBERLAND BANCORP, INC.",FINANCE,BANKS
2979,TIPT,NASDAQ,TIPTREE INC.,FINANCE,PROPERTY-CASUALTY INSURERS
2985,TMSR,NASDAQ,TMSR HOLDING COMPANY LIMITED,FINANCE,BUSINESS SERVICES
3009,TCBK,NASDAQ,TRICO BANCSHARES,FINANCE,MAJOR BANKS
3016,TSC,NASDAQ,"TRISTATE CAPITAL HOLDINGS, INC.",FINANCE,MAJOR BANKS
3017,TSCAP,NASDAQ,"TRISTATE CAPITAL HOLDINGS, INC.",FINANCE,MAJOR BANKS
3018,TBK,NASDAQ,"TRIUMPH BANCORP, INC.",FINANCE,MAJOR BANKS
3025,TRST,NASDAQ,TRUSTCO BANK CORP NY,FINANCE,MAJOR BANKS
3026,TRMK,NASDAQ,TRUSTMARK CORPORATION,FINANCE,MAJOR BANKS
3037,TRCB,NASDAQ,TWO RIVER BANCORP,FINANCE,MAJOR BANKS
3042,GROW,NASDAQ,"U.S. GLOBAL INVESTORS, INC.",FINANCE,INVESTMENT MANAGERS
3051,UMBF,NASDAQ,UMB FINANCIAL CORPORATION,FINANCE,MAJOR BANKS
3052,UMPQ,NASDAQ,UMPQUA HOLDINGS CORPORATION,FINANCE,SAVINGS INSTITUTIONS
3053,UNAM,NASDAQ,UNICO AMERICAN CORPORATION,FINANCE,PROPERTY-CASUALTY INSURERS
3054,UBSH,NASDAQ,UNION BANKSHARES CORPORATION,FINANCE,MAJOR BANKS
3055,UNB,NASDAQ,"UNION BANKSHARES, INC.",FINANCE,MAJOR BANKS
3057,UBCP,NASDAQ,"UNITED BANCORP, INC.",FINANCE,MAJOR BANKS
3058,UBOH,NASDAQ,"UNITED BANCSHARES, INC.",FINANCE,MAJOR BANKS
3059,UBSI,NASDAQ,"UNITED BANKSHARES, INC.",FINANCE,MAJOR BANKS
3060,UCBA,NASDAQ,UNITED COMMUNITY BANCORP,FINANCE,SAVINGS INSTITUTIONS
3061,UCBI,NASDAQ,"UNITED COMMUNITY BANKS, INC.",FINANCE,MAJOR BANKS
3062,UCFC,NASDAQ,UNITED COMMUNITY FINANCIAL CORP.,FINANCE,BANKS
3063,UBNK,NASDAQ,"UNITED FINANCIAL BANCORP, INC.",FINANCE,BANKS
3064,UFCS,NASDAQ,"UNITED FIRE GROUP, INC",FINANCE,PROPERTY-CASUALTY INSURERS
3065,UIHC,NASDAQ,UNITED INSURANCE HOLDINGS CORP.,FINANCE,PROPERTY-CASUALTY INSURERS
3067,UBFO,NASDAQ,UNITED SECURITY BANCSHARES,FINANCE,MAJOR BANKS
3072,UNTY,NASDAQ,"UNITY BANCORP, INC.",FINANCE,MAJOR BANKS
3077,WTFC,NASDAQ,WINTRUST FINANCIAL CORPORATION,FINANCE,MAJOR BANKS
3080,UVSP,NASDAQ,UNIVEST CORPORATION OF PENNSYLVANIA,FINANCE,MAJOR BANKS
3095,VALU,NASDAQ,"VALUE LINE, INC.",FINANCE,INVESTMENT MANAGERS
3122,VEAC,NASDAQ,VANTAGE ENERGY ACQUISITION CORP.,FINANCE,BUSINESS SERVICES
3123,VEACU,NASDAQ,VANTAGE ENERGY ACQUISITION CORP.,FINANCE,BUSINESS SERVICES
3124,VEACW,NASDAQ,VANTAGE ENERGY ACQUISITION CORP.,FINANCE,BUSINESS SERVICES
3141,VBTX,NASDAQ,"VERITEX HOLDINGS, INC.",FINANCE,MAJOR BANKS
3155,VCTR,NASDAQ,"VICTORY CAPITAL HOLDINGS, INC.",FINANCE,INVESTMENT MANAGERS
3173,VBFC,NASDAQ,VILLAGE BANK AND TRUST FINANCIAL CORP.,FINANCE,MAJOR BANKS
3178,VIRT,NASDAQ,"VIRTU FINANCIAL, INC.",FINANCE,INVESTMENT BANKERS/BROKERS/SERVICE
3179,VRTS,NASDAQ,"VIRTUS INVESTMENT PARTNERS, INC.",FINANCE,INVESTMENT MANAGERS
3180,VRTSP,NASDAQ,"VIRTUS INVESTMENT PARTNERS, INC.",FINANCE,INVESTMENT MANAGERS
3197,WAFD,NASDAQ,"WASHINGTON FEDERAL, INC.",FINANCE,MAJOR BANKS
3198,WAFDW,NASDAQ,"WASHINGTON FEDERAL, INC.",FINANCE,MAJOR BANKS
3199,WASH,NASDAQ,"WASHINGTON TRUST BANCORP, INC.",FINANCE,MAJOR BANKS
3200,WSBF,NASDAQ,"WATERSTONE FINANCIAL, INC.",FINANCE,SAVINGS INSTITUTIONS
3203,WCFB,NASDAQ,"WCF BANCORP, INC.",FINANCE,MAJOR BANKS
3207,WEBK,NASDAQ,"WELLESLEY BANCORP, INC.",FINANCE,BANKS
3210,WSBC,NASDAQ,"WESBANCO, INC.",FINANCE,MAJOR BANKS
3211,WTBA,NASDAQ,WEST BANCORPORATION,FINANCE,MAJOR BANKS
3212,WABC,NASDAQ,WESTAMERICA BANCORPORATION,FINANCE,MAJOR BANKS
3215,WNEB,NASDAQ,"WESTERN NEW ENGLAND BANCORP, INC.",FINANCE,SAVINGS INSTITUTIONS
3230,WLTW,NASDAQ,WILLIS TOWERS WATSON PUBLIC LIMITED COMPANY,FINANCE,SPECIALTY INSURERS
3236,WINS,NASDAQ,WINS FINANCE HOLDINGS INC.,FINANCE,FINANCE: CONSUMER SERVICES
3237,WTFCM,NASDAQ,WINTRUST FINANCIAL CORPORATION,FINANCE,MAJOR BANKS
3238,WTFCW,NASDAQ,WINTRUST FINANCIAL CORPORATION,FINANCE,MAJOR BANKS
3247,WETF,NASDAQ,"WISDOMTREE INVESTMENTS, INC.",FINANCE,INVESTMENT BANKERS/BROKERS/SERVICE
3254,WMIH,NASDAQ,WMIH CORP.,FINANCE,FINANCE: CONSUMER SERVICES
3258,WRLD,NASDAQ,WORLD ACCEPTANCE CORPORATION,FINANCE,FINANCE: CONSUMER SERVICES
3261,WSFS,NASDAQ,WSFS FINANCIAL CORPORATION,FINANCE,MAJOR BANKS
3263,WVFC,NASDAQ,WVS FINANCIAL CORP.,FINANCE,BANKS
3283,YRIV,NASDAQ,YANGTZE RIVER PORT AND LOGISTICS LIMITED,FINANCE,REAL ESTATE
3286,YIN,NASDAQ,YINTECH INVESTMENT HOLDINGS LIMITED,FINANCE,INVESTMENT BANKERS/BROKERS/SERVICE
3295,ZAIS,NASDAQ,"ZAIS GROUP HOLDINGS, INC.",FINANCE,INVESTMENT MANAGERS
3302,ZION,NASDAQ,ZIONS BANCORPORATION,FINANCE,MAJOR BANKS
3303,ZIONW,NASDAQ,ZIONS BANCORPORATION,FINANCE,MAJOR BANKS
3304,ZIONZ,NASDAQ,ZIONS BANCORPORATION,FINANCE,MAJOR BANKS
3333,ABM,NYSE,ABM INDUSTRIES INCORPORATED,FINANCE,DIVERSIFIED COMMERCIAL SERVICES
3357,AEB,NYSE,AEGON NV,FINANCE,LIFE INSURANCE
3358,AED,NYSE,AEGON NV,FINANCE,LIFE INSURANCE
3359,AEG,NYSE,AEGON NV,FINANCE,LIFE INSURANCE
3360,AEH,NYSE,AEGON NV,FINANCE,LIFE INSURANCE
3366,AMG,NYSE,"AFFILIATED MANAGERS GROUP, INC.",FINANCE,INVESTMENT MANAGERS
3367,AFL,NYSE,AFLAC INCORPORATED,FINANCE,ACCIDENT &HEALTH INSURANCE
3392,Y,NYSE,ALLEGHANY CORPORATION,FINANCE,PROPERTY-CASUALTY INSURERS
3402,AB,NYSE,ALLIANCEBERNSTEIN HOLDING L.P.,FINANCE,INVESTMENT MANAGERS
3409,NFJ,NYSE,"ALLIANZGI NFJ DIVIDEND, INTEREST & PREMIUM STRATEGY FUND",FINANCE,FINANCE: CONSUMER SERVICES
3411,ALL,NYSE,ALLSTATE CORPORATION (THE),FINANCE,PROPERTY-CASUALTY INSURERS
3419,ALLY,NYSE,ALLY FINANCIAL INC.,FINANCE,FINANCE: CONSUMER SERVICES
3437,AEL,NYSE,AMERICAN EQUITY INVESTMENT LIFE HOLDING COMPANY,FINANCE,LIFE INSURANCE
3438,AXP,NYSE,AMERICAN EXPRESS COMPANY,FINANCE,FINANCE: CONSUMER SERVICES
3439,AFG,NYSE,"AMERICAN FINANCIAL GROUP, INC.",FINANCE,PROPERTY-CASUALTY INSURERS
3440,AFGE,NYSE,"AMERICAN FINANCIAL GROUP, INC.",FINANCE,PROPERTY-CASUALTY INSURERS
3441,AFGH,NYSE,"AMERICAN FINANCIAL GROUP, INC.",FINANCE,PROPERTY-CASUALTY INSURERS
3447,AIG,NYSE,"AMERICAN INTERNATIONAL GROUP, INC.",FINANCE,PROPERTY-CASUALTY INSURERS
3450,ARL,NYSE,"AMERICAN REALTY INVESTORS, INC.",FINANCE,REAL ESTATE
3458,AMP,NYSE,"AMERIPRISE FINANCIAL SERVICES, INC.",FINANCE,INVESTMENT MANAGERS
3473,AFSS,NYSE,"AMTRUST FINANCIAL SERVICES, INC.",FINANCE,PROPERTY-CASUALTY INSURERS
3474,AFST,NYSE,"AMTRUST FINANCIAL SERVICES, INC.",FINANCE,PROPERTY-CASUALTY INSURERS
3495,AON,NYSE,AON PLC,FINANCE,SPECIALTY INSURERS
3502,APO,NYSE,"APOLLO GLOBAL MANAGEMENT, LLC",FINANCE,INVESTMENT MANAGERS
3533,ARES,NYSE,ARES MANAGEMENT L.P.,FINANCE,INVESTMENT MANAGERS
3536,ARGD,NYSE,"ARGO GROUP INTERNATIONAL HOLDINGS, LTD.",FINANCE,SPECIALTY INSURERS
3537,ARGO,NYSE,"ARGO GROUP INTERNATIONAL HOLDINGS, LTD.",FINANCE,SPECIALTY INSURERS
3539,AI,NYSE,ARLINGTON ASSET INVESTMENT CORP,FINANCE,FINANCE/INVESTORS SERVICES
3541,AIC,NYSE,ARLINGTON ASSET INVESTMENT CORP,FINANCE,FINANCE/INVESTORS SERVICES
3542,AIW,NYSE,ARLINGTON ASSET INVESTMENT CORP,FINANCE,FINANCE/INVESTORS SERVICES
3543,AHH,NYSE,"ARMADA HOFFLER PROPERTIES, INC.",FINANCE,REAL ESTATE
3550,AJG,NYSE,ARTHUR J. GALLAGHER & CO.,FINANCE,SPECIALTY INSURERS
3551,APAM,NYSE,ARTISAN PARTNERS ASSET MANAGEMENT INC.,FINANCE,INVESTMENT MANAGERS
3565,AHL,NYSE,ASPEN INSURANCE HOLDINGS LIMITED,FINANCE,PROPERTY-CASUALTY INSURERS
3568,ASB,NYSE,ASSOCIATED BANC-CORP,FINANCE,MAJOR BANKS
3571,AC,NYSE,"ASSOCIATED CAPITAL GROUP, INC.",FINANCE,INVESTMENT BANKERS/BROKERS/SERVICE
3572,AIZ,NYSE,"ASSURANT, INC.",FINANCE,ACCIDENT &HEALTH INSURANCE
3573,AIZP,NYSE,"ASSURANT, INC.",FINANCE,ACCIDENT &HEALTH INSURANCE
3574,AGO,NYSE,ASSURED GUARANTY LTD.,FINANCE,PROPERTY-CASUALTY INSURERS
3583,ATH,NYSE,ATHENE HOLDING LTD.,FINANCE,LIFE INSURANCE
3602,AXS,NYSE,AXIS CAPITAL HOLDINGS LIMITED,FINANCE,PROPERTY-CASUALTY INSURERS
3615,BANC,NYSE,"BANC OF CALIFORNIA, INC.",FINANCE,MAJOR BANKS
3619,BBVA,NYSE,BANCO BILBAO VISCAYA ARGENTARIA S.A.,FINANCE,COMMERCIAL BANKS
3620,BBD,NYSE,BANCO BRADESCO SA,FINANCE,MAJOR BANKS
3621,BBDO,NYSE,BANCO BRADESCO SA,FINANCE,MAJOR BANKS
3622,BCH,NYSE,BANCO DE CHILE,FINANCE,COMMERCIAL BANKS
3623,BLX,NYSE,"BANCO LATINOAMERICANO DE COMERCIO EXTERIOR, S.A.",FINANCE,COMMERCIAL BANKS
3624,BSMX,NYSE,"BANCO SANTANDER (M?XICO), S.A., INSTITUCI?N DE BAN",FINANCE,COMMERCIAL BANKS
3625,BSBR,NYSE,BANCO SANTANDER BRASIL SA,FINANCE,COMMERCIAL BANKS
3626,BSAC,NYSE,BANCO SANTANDER CHILE,FINANCE,COMMERCIAL BANKS
3627,SAN,NYSE,"BANCO SANTANDER, S.A.",FINANCE,COMMERCIAL BANKS
3631,CIB,NYSE,BANCOLOMBIA S.A.,FINANCE,COMMERCIAL BANKS
3632,BXS,NYSE,BANCORPSOUTH BANK,FINANCE,MAJOR BANKS
3633,BAC,NYSE,BANK OF AMERICA CORPORATION,FINANCE,MAJOR BANKS
3642,BAC^W,NYSE,BANK OF AMERICA CORPORATION,FINANCE,MAJOR BANKS
3643,BAC^Y,NYSE,BANK OF AMERICA CORPORATION,FINANCE,MAJOR BANKS
3649,BOH,NYSE,BANK OF HAWAII CORPORATION,FINANCE,MAJOR BANKS
3650,BMO,NYSE,BANK OF MONTREAL,FINANCE,COMMERCIAL BANKS
3651,NTB,NYSE,BANK OF N.T. BUTTERFIELD & SON LIMITED (THE),FINANCE,COMMERCIAL BANKS
3652,BK,NYSE,BANK OF NEW YORK MELLON CORPORATION (THE),FINANCE,MAJOR BANKS
3654,BNS,NYSE,BANK OF NOVA SCOTIA (THE),FINANCE,MAJOR BANKS
3655,BKU,NYSE,"BANKUNITED, INC.",FINANCE,SAVINGS INSTITUTIONS
3656,BCS,NYSE,BARCLAYS PLC,FINANCE,COMMERCIAL BANKS
3667,BBT,NYSE,BB&T CORPORATION,FINANCE,MAJOR BANKS
3673,BFR,NYSE,BBVA BANCO FRANCES S.A.,FINANCE,COMMERCIAL BANKS
3674,BBX,NYSE,BBX CAPITAL CORPORATION,FINANCE,REAL ESTATE
3687,BHLB,NYSE,"BERKSHIRE HILLS BANCORP, INC.",FINANCE,BANKS
3691,BGCA,NYSE,"BGC PARTNERS, INC.",FINANCE,INVESTMENT BANKERS/BROKERS/SERVICE
3769,BLK,NYSE,"BLACKROCK, INC.",FINANCE,INVESTMENT BANKERS/BROKERS/SERVICE
3774,BCRH,NYSE,BLUE CAPITAL REINSURANCE HOLDINGS LTD.,FINANCE,PROPERTY-CASUALTY INSURERS
3775,BXG,NYSE,BLUEGREEN VACATIONS CORPORATION,FINANCE,REAL ESTATE
3805,BSA,NYSE,BRIGHTSPHERE INVESTMENT GROUP PLC,FINANCE,INVESTMENT MANAGERS
3806,BSIG,NYSE,BRIGHTSPHERE INVESTMENT GROUP PLC,FINANCE,INVESTMENT MANAGERS
3822,BRO,NYSE,"BROWN & BROWN, INC.",FINANCE,SPECIALTY INSURERS
3835,BY,NYSE,"BYLINE BANCORP, INC.",FINANCE,MAJOR BANKS
3837,GYB,NYSE,CABCO SERIES 2004-101 TRUST,FINANCE,FINANCE: CONSUMER SERVICES
3838,PFH,NYSE,CABCO SERIES 2004-101 TRUST,FINANCE,FINANCE: CONSUMER SERVICES
3844,CADE,NYSE,CADENCE BANCORPORATION,FINANCE,MAJOR BANKS
3861,CM,NYSE,CANADIAN IMPERIAL BANK OF COMMERCE,FINANCE,COMMERCIAL BANKS
3868,COF,NYSE,CAPITAL ONE FINANCIAL CORPORATION,FINANCE,MAJOR BANKS
3870,COF^C,NYSE,CAPITAL ONE FINANCIAL CORPORATION,FINANCE,MAJOR BANKS
3878,CIC,NYSE,CAPITOL INVESTMENT CORP. IV,FINANCE,BUSINESS SERVICES
3906,CBRE,NYSE,"CBRE GROUP, INC.",FINANCE,REAL ESTATE
3956,LFC,NYSE,CHINA LIFE INSURANCE COMPANY LIMITED,FINANCE,LIFE INSURANCE
3961,XRF,NYSE,CHINA RAPID FINANCE LIMITED,FINANCE,FINANCE: CONSUMER SERVICES
3970,CB,NYSE,CHUBB LIMITED,FINANCE,PROPERTY-CASUALTY INSURERS
3982,CIT,NYSE,CIT GROUP INC (DEL),FINANCE,MAJOR BANKS
3983,BLW,NYSE,CITIGROUP INC.,FINANCE,MAJOR BANKS
3984,C,NYSE,CITIGROUP INC.,FINANCE,MAJOR BANKS
3988,C^K,NYSE,CITIGROUP INC.,FINANCE,MAJOR BANKS
3990,C^N,NYSE,CITIGROUP INC.,FINANCE,MAJOR BANKS
3992,CFG,NYSE,"CITIZENS FINANCIAL GROUP, INC.",FINANCE,MAJOR BANKS
3993,CIA,NYSE,"CITIZENS, INC.",FINANCE,LIFE INSURANCE
4013,CNA,NYSE,CNA FINANCIAL CORPORATION,FINANCE,PROPERTY-CASUALTY INSURERS
4015,CNO,NYSE,"CNO FINANCIAL GROUP, INC.",FINANCE,ACCIDENT &HEALTH INSURANCE
4026,CNS,NYSE,COHEN & STEERS INC,FINANCE,INVESTMENT MANAGERS
4052,CMA,NYSE,COMERICA INCORPORATED,FINANCE,MAJOR BANKS
4056,CBU,NYSE,"COMMUNITY BANK SYSTEM, INC.",FINANCE,MAJOR BANKS
4083,KEY,NYSE,KEYCORP,FINANCE,MAJOR BANKS
4097,GYC,NYSE,CORPORATE ASSET BACKED CORP CABCO,FINANCE,FINANCE: CONSUMER SERVICES
4112,CPF,NYSE,CPB INC.,FINANCE,MAJOR BANKS
4117,BAP,NYSE,CREDICORP LTD.,FINANCE,COMMERCIAL BANKS
4118,CS,NYSE,CREDIT SUISSE GROUP,FINANCE,INVESTMENT BANKERS/BROKERS/SERVICE
4132,CFR,NYSE,"CULLEN/FROST BANKERS, INC.",FINANCE,MAJOR BANKS
4136,CURO,NYSE,CURO GROUP HOLDINGS CORP.,FINANCE,FINANCE: CONSUMER SERVICES
4141,CUBI,NYSE,"CUSTOMERS BANCORP, INC",FINANCE,MAJOR BANKS
4146,CUBS,NYSE,"CUSTOMERS BANCORP, INC",FINANCE,MAJOR BANKS
4182,DKT,NYSE,DEUTSCH BK CONTINGENT CAP TR V,FINANCE,MAJOR BANKS
4183,DB,NYSE,DEUTSCHE BANK AG,FINANCE,MAJOR BANKS
4184,DXB,NYSE,DEUTSCHE BANK AG,FINANCE,MAJOR BANKS
4206,DFS,NYSE,DISCOVER FINANCIAL SERVICES,FINANCE,FINANCE: CONSUMER SERVICES
4207,DHCP,NYSE,DITECH HOLDING CORPORATION,FINANCE,FINANCE: CONSUMER SERVICES
4258,DNB,NYSE,DUN & BRADSTREET CORPORATION (THE),FINANCE,FINANCE: CONSUMER SERVICES
4288,EV,NYSE,EATON VANCE CORPORATION,FINANCE,INVESTMENT MANAGERS
4320,ELVT,NYSE,"ELEVATE CREDIT, INC.",FINANCE,FINANCE: CONSUMER SERVICES
4323,EFC,NYSE,ELLINGTON FINANCIAL LLC,FINANCE,REAL ESTATE
4334,EIG,NYSE,EMPLOYERS HOLDINGS INC,FINANCE,PROPERTY-CASUALTY INSURERS
4361,ENVA,NYSE,"ENOVA INTERNATIONAL, INC.",FINANCE,FINANCE: CONSUMER SERVICES
4392,EFX,NYSE,"EQUIFAX, INC.",FINANCE,FINANCE: CONSUMER SERVICES
4401,ESNT,NYSE,ESSENT GROUP LTD.,FINANCE,PROPERTY-CASUALTY INSURERS
4408,EVR,NYSE,EVERCORE INC.,FINANCE,INVESTMENT MANAGERS
4409,RE,NYSE,"EVEREST RE GROUP, LTD.",FINANCE,PROPERTY-CASUALTY INSURERS
4410,EVRI,NYSE,EVERI HOLDINGS INC.,FINANCE,FINANCE: CONSUMER SERVICES
4421,FNB,NYSE,F.N.B. CORPORATION,FINANCE,MAJOR BANKS
4430,FBK,NYSE,FB FINANCIAL CORPORATION,FINANCE,MAJOR BANKS
4431,FFG,NYSE,"FBL FINANCIAL GROUP, INC.",FINANCE,LIFE INSURANCE
4432,FCB,NYSE,"FCB FINANCIAL HOLDINGS, INC.",FINANCE,MAJOR BANKS
4433,AGM,NYSE,FEDERAL AGRICULTURAL MORTGAGE CORPORATION,FINANCE,FINANCE COMPANIES
4441,FII,NYSE,"FEDERATED INVESTORS, INC.",FINANCE,INVESTMENT MANAGERS
4447,FG,NYSE,FGL HOLDINGS,FINANCE,LIFE INSURANCE
4451,FNF,NYSE,"FIDELITY NATIONAL FINANCIAL, INC.",FINANCE,SPECIALTY INSURERS
4454,FAF,NYSE,FIRST AMERICAN CORPORATION (THE),FINANCE,SPECIALTY INSURERS
4455,FBP,NYSE,FIRST BANCORP.,FINANCE,MAJOR BANKS
4457,FCF,NYSE,FIRST COMMONWEALTH FINANCIAL CORPORATION,FINANCE,MAJOR BANKS
4459,FHN,NYSE,FIRST HORIZON NATIONAL CORPORATION,FINANCE,MAJOR BANKS
4487,FPH,NYSE,"FIVE POINT HOLDINGS, LLC",FINANCE,REAL ESTATE
4488,FBC,NYSE,"FLAGSTAR BANCORP, INC.",FINANCE,SAVINGS INSTITUTIONS
4507,FOR,NYSE,FORESTAR GROUP INC,FINANCE,REAL ESTATE
4519,FSB,NYSE,"FRANKLIN FINANCIAL NETWORK, INC.",FINANCE,MAJOR BANKS
4520,BEN,NYSE,"FRANKLIN RESOURCES, INC.",FINANCE,INVESTMENT MANAGERS
4526,RESI,NYSE,FRONT YARD RESIDENTIAL CORPORATION,FINANCE,REAL ESTATE
4553,GCAP,NYSE,"GAIN CAPITAL HOLDINGS, INC.",FINANCE,INVESTMENT BANKERS/BROKERS/SERVICE
4554,GBL,NYSE,"GAMCO INVESTORS, INC.",FINANCE,INVESTMENT BANKERS/BROKERS/SERVICE
4569,GZT,NYSE,GAZIT-GLOBE LTD.,FINANCE,REAL ESTATE
4591,GNW,NYSE,GENWORTH FINANCIAL INC,FINANCE,LIFE INSURANCE
4596,GTY,NYSE,GETTY REALTY CORPORATION,FINANCE,REAL ESTATE
4599,GIG,NYSE,"GIGCAPITAL, INC.",FINANCE,BUSINESS SERVICES
4608,CO,NYSE,GLOBAL CORD BLOOD CORPORATION,FINANCE,BUSINESS SERVICES
4626,GS,NYSE,"GOLDMAN SACHS GROUP, INC. (THE)",FINANCE,INVESTMENT BANKERS/BROKERS/SERVICE
4654,GWB,NYSE,"GREAT WESTERN BANCORP, INC.",FINANCE,MAJOR BANKS
4655,GDOT,NYSE,GREEN DOT CORPORATION,FINANCE,FINANCE: CONSUMER SERVICES
4657,GHL,NYSE,"GREENHILL & CO., INC.",FINANCE,INVESTMENT BANKERS/BROKERS/SERVICE
4666,AVAL,NYSE,GRUPO AVAL ACCIONES Y VALORES S.A.,FINANCE,COMMERCIAL BANKS
4667,SUPV,NYSE,GRUPO SUPERVIELLE S.A.,FINANCE,COMMERCIAL BANKS
4692,HGH,NYSE,"HARTFORD FINANCIAL SERVICES GROUP, INC. (THE)",FINANCE,PROPERTY-CASUALTY INSURERS
4693,HIG,NYSE,"HARTFORD FINANCIAL SERVICES GROUP, INC. (THE)",FINANCE,PROPERTY-CASUALTY INSURERS
4701,HCI,NYSE,"HCI GROUP, INC.",FINANCE,PROPERTY-CASUALTY INSURERS
4703,HDB,NYSE,HDFC BANK LIMITED,FINANCE,COMMERCIAL BANKS
4717,HRTG,NYSE,"HERITAGE INSURANCE HOLDINGS, INC.",FINANCE,PROPERTY-CASUALTY INSURERS
4737,HTH,NYSE,HILLTOP HOLDINGS INC.,FINANCE,MAJOR BANKS
4748,HMN,NYSE,HORACE MANN EDUCATORS CORPORATION,FINANCE,PROPERTY-CASUALTY INSURERS
4754,HLI,NYSE,"HOULIHAN LOKEY, INC.",FINANCE,INVESTMENT MANAGERS
4759,HSBC,NYSE,HSBC HOLDINGS PLC,FINANCE,SAVINGS INSTITUTIONS
4769,HPP,NYSE,"HUDSON PACIFIC PROPERTIES, INC.",FINANCE,REAL ESTATE
4777,IBN,NYSE,ICICI BANK LIMITED,FINANCE,COMMERCIAL BANKS
4784,IHC,NYSE,INDEPENDENCE HOLDING COMPANY,FINANCE,LIFE INSURANCE
4790,ING,NYSE,"ING GROUP, N.V.",FINANCE,COMMERCIAL BANKS
4791,ISF,NYSE,"ING GROUP, N.V.",FINANCE,COMMERCIAL BANKS
4792,ISG,NYSE,"ING GROUP, N.V.",FINANCE,COMMERCIAL BANKS
4796,IIPR,NYSE,"INNOVATIVE INDUSTRIAL PROPERTIES, INC.",FINANCE,REAL ESTATE
4806,ICE,NYSE,INTERCONTINENTAL EXCHANGE INC.,FINANCE,INVESTMENT BANKERS/BROKERS/SERVICE
4833,IVZ,NYSE,INVESCO PLC,FINANCE,INVESTMENT MANAGERS
4839,ITG,NYSE,"INVESTMENT TECHNOLOGY GROUP, INC.",FINANCE,INVESTMENT BANKERS/BROKERS/SERVICE
4843,INVH,NYSE,INVITATION HOMES INC.,FINANCE,REAL ESTATE
4845,MLP,NYSE,"MAUI LAND & PINEAPPLE COMPANY, INC.",FINANCE,REAL ESTATE
4854,ITCB,NYSE,ITA? CORPBANCA,FINANCE,COMMERCIAL BANKS
4855,ITUB,NYSE,ITAU UNIBANCO BANCO HOLDING SA,FINANCE,MAJOR BANKS
4858,JPM,NYSE,J P MORGAN CHASE & CO,FINANCE,MAJOR BANKS
4860,JPM^A,NYSE,J P MORGAN CHASE & CO,FINANCE,MAJOR BANKS
4865,JPM^H,NYSE,J P MORGAN CHASE & CO,FINANCE,MAJOR BANKS
4874,JHG,NYSE,JANUS HENDERSON GROUP PLC,FINANCE,INVESTMENT MANAGERS
4882,JMP,NYSE,JMP GROUP LLC,FINANCE,INVESTMENT BANKERS/BROKERS/SERVICE
4883,JMPB,NYSE,JMP GROUP LLC,FINANCE,INVESTMENT BANKERS/BROKERS/SERVICE
4884,JMPD,NYSE,JMP GROUP LLC,FINANCE,INVESTMENT BANKERS/BROKERS/SERVICE
4901,JLL,NYSE,JONES LANG LASALLE INCORPORATED,FINANCE,REAL ESTATE
4920,KB,NYSE,KB FINANCIAL GROUP INC,FINANCE,COMMERCIAL BANKS
4927,KMPA,NYSE,KEMPER CORPORATION,FINANCE,PROPERTY-CASUALTY INSURERS
4928,KMPR,NYSE,KEMPER CORPORATION,FINANCE,PROPERTY-CASUALTY INSURERS
4930,KW,NYSE,KENNEDY-WILSON HOLDINGS INC.,FINANCE,REAL ESTATE
4946,KFS,NYSE,"KINGSWAY FINANCIAL SERVICES, INC.",FINANCE,PROPERTY-CASUALTY INSURERS
4951,KKR,NYSE,KKR & CO. L.P.,FINANCE,INVESTMENT MANAGERS
4989,LAZ,NYSE,LAZARD LTD.,FINANCE,INVESTMENT MANAGERS
4996,LGC,NYSE,LEGACY ACQUISITION CORP.,FINANCE,BUSINESS SERVICES
4999,LM,NYSE,"LEGG MASON, INC.",FINANCE,INVESTMENT MANAGERS
5000,LMHA,NYSE,"LEGG MASON, INC.",FINANCE,INVESTMENT MANAGERS
5001,LMHB,NYSE,"LEGG MASON, INC.",FINANCE,INVESTMENT MANAGERS
5003,JBK,NYSE,LEHMAN ABS CORPORATION,FINANCE,FINANCE: CONSUMER SERVICES
5004,KTH,NYSE,LEHMAN ABS CORPORATION,FINANCE,FINANCE: CONSUMER SERVICES
5005,KTN,NYSE,LEHMAN ABS CORPORATION,FINANCE,FINANCE: CONSUMER SERVICES
5006,KTP,NYSE,LEHMAN ABS CORPORATION,FINANCE,FINANCE: CONSUMER SERVICES
5008,LEJU,NYSE,LEJU HOLDINGS LIMITED,FINANCE,REAL ESTATE
5013,LHC,NYSE,LEO HOLDINGS CORP.,FINANCE,BUSINESS SERVICES
5026,LNC,NYSE,LINCOLN NATIONAL CORPORATION,FINANCE,LIFE INSURANCE
5036,LYG,NYSE,LLOYDS BANKING GROUP PLC,FINANCE,COMMERCIAL BANKS
5039,L,NYSE,LOEWS CORPORATION,FINANCE,PROPERTY-CASUALTY INSURERS
5053,MTB,NYSE,M&T BANK CORPORATION,FINANCE,MAJOR BANKS
5064,BMA,NYSE,MACRO BANK INC.,FINANCE,COMMERCIAL BANKS
5074,MHLA,NYSE,"MAIDEN HOLDINGS, LTD.",FINANCE,PROPERTY-CASUALTY INSURERS
5075,MHNC,NYSE,"MAIDEN HOLDINGS, LTD.",FINANCE,PROPERTY-CASUALTY INSURERS
5082,MN,NYSE,"MANNING & NAPIER, INC.",FINANCE,INVESTMENT MANAGERS
5084,MFC,NYSE,MANULIFE FINANCIAL CORP,FINANCE,LIFE INSURANCE
5087,MMI,NYSE,"MARCUS & MILLICHAP, INC.",FINANCE,REAL ESTATE
5092,MKL,NYSE,MARKEL CORPORATION,FINANCE,PROPERTY-CASUALTY INSURERS
5093,VAC,NYSE,MARRIOT VACATIONS WORLDWIDE CORPORATION,FINANCE,REAL ESTATE
5094,MMC,NYSE,"MARSH & MCLENNAN COMPANIES, INC.",FINANCE,SPECIALTY INSURERS
5106,MBI,NYSE,"MBIA, INC.",FINANCE,PROPERTY-CASUALTY INSURERS
5122,MDLQ,NYSE,MEDLEY LLC,FINANCE,INVESTMENT MANAGERS
5123,MDLX,NYSE,MEDLEY LLC,FINANCE,INVESTMENT MANAGERS
5124,MDLY,NYSE,MEDLEY MANAGEMENT INC.,FINANCE,INVESTMENT MANAGERS
5128,MCY,NYSE,MERCURY GENERAL CORPORATION,FINANCE,PROPERTY-CASUALTY INSURERS
5134,PIY,NYSE,"MERRILL LYNCH DEPOSITOR, INC.",FINANCE,FINANCE: CONSUMER SERVICES
5138,MET,NYSE,"METLIFE, INC.",FINANCE,LIFE INSURANCE
5140,MCB,NYSE,METROPOLITAN BANK HOLDING CORP.,FINANCE,MAJOR BANKS
5147,MFCB,NYSE,MFC BANCORP LTD.,FINANCE,COMMERCIAL BANKS
5154,MTG,NYSE,MGIC INVESTMENT CORPORATION,FINANCE,PROPERTY-CASUALTY INSURERS
5161,MSL,NYSE,MIDSOUTH BANCORP,FINANCE,MAJOR BANKS
5169,MUFG,NYSE,MITSUBISHI UFJ FINANCIAL GROUP INC,FINANCE,COMMERCIAL BANKS
5171,MFG,NYSE,"MIZUHO FINANCIAL GROUP, INC.",FINANCE,MAJOR BANKS
5175,MC,NYSE,MOELIS & COMPANY,FINANCE,INVESTMENT MANAGERS
5183,MCO,NYSE,MOODY&#39;S CORPORATION,FINANCE,FINANCE: CONSUMER SERVICES
5186,MS,NYSE,MORGAN STANLEY,FINANCE,INVESTMENT BANKERS/BROKERS/SERVICE
5195,MOSC,NYSE,MOSAIC ACQUISITION CORP.,FINANCE,BUSINESS SERVICES
5204,HJV,NYSE,MS STRUCTURED ASSET CORP SATURNS GE CAP CORP SERIES 2002-14,FINANCE,FINANCE: CONSUMER SERVICES
5220,NTP,NYSE,NAM TAI PROPERTY INC.,FINANCE,REAL ESTATE
5225,NBHC,NYSE,NATIONAL BANK HOLDINGS CORPORATION,FINANCE,MAJOR BANKS
5237,NSM,NYSE,NATIONSTAR MORTGAGE HOLDINGS INC.,FINANCE,FINANCE: CONSUMER SERVICES
5256,NNI,NYSE,"NELNET, INC.",FINANCE,FINANCE: CONSUMER SERVICES
5271,NYCB,NYSE,"NEW YORK COMMUNITY BANCORP, INC.",FINANCE,BANKS
5301,NOAH,NYSE,NOAH HOLDINGS LTD.,FINANCE,INVESTMENT MANAGERS
5307,NMR,NYSE,NOMURA HOLDINGS INC ADR,FINANCE,INVESTMENT BANKERS/BROKERS/SERVICE
5411,OAK,NYSE,"OAKTREE CAPITAL GROUP, LLC",FINANCE,INVESTMENT MANAGERS
5418,OZM,NYSE,OCH-ZIFF CAPITAL MANAGEMENT GROUP LLC,FINANCE,INVESTMENT MANAGERS
5420,OCN,NYSE,OCWEN FINANCIAL CORPORATION,FINANCE,FINANCE: CONSUMER SERVICES
5421,OFG,NYSE,OFG BANCORP,FINANCE,MAJOR BANKS
5422,OFG^A,NYSE,OFG BANCORP,FINANCE,MAJOR BANKS
5429,ORI,NYSE,OLD REPUBLIC INTERNATIONAL CORPORATION,FINANCE,PROPERTY-CASUALTY INSURERS
5434,ONDK,NYSE,"ON DECK CAPITAL, INC.",FINANCE,FINANCE: CONSUMER SERVICES
5437,OMAD,NYSE,ONE MADISON CORPORATION,FINANCE,BUSINESS SERVICES
5440,OMF,NYSE,"ONEMAIN HOLDINGS, INC.",FINANCE,FINANCE: CONSUMER SERVICES
5444,OPY,NYSE,"OPPENHEIMER HOLDINGS, INC.",FINANCE,INVESTMENT BANKERS/BROKERS/SERVICE
5451,IX,NYSE,ORIX CORP ADS,FINANCE,DIVERSIFIED FINANCIAL SERVICES
5496,PFSI,NYSE,"PENNYMAC FINANCIAL SERVICES, INC.",FINANCE,FINANCE: CONSUMER SERVICES
5514,PHH,NYSE,PHH CORP,FINANCE,DIVERSIFIED FINANCIAL SERVICES
5549,PJC,NYSE,PIPER JAFFRAY COMPANIES,FINANCE,INVESTMENT BANKERS/BROKERS/SERVICE
5553,PJT,NYSE,PJT PARTNERS INC.,FINANCE,INVESTMENT MANAGERS
5561,PNC,NYSE,"PNC FINANCIAL SERVICES GROUP, INC. (THE)",FINANCE,MAJOR BANKS
5571,PPDF,NYSE,PPDAI GROUP INC.,FINANCE,FINANCE: CONSUMER SERVICES
5575,PYS,NYSE,PPLUS TRUST,FINANCE,FINANCE: CONSUMER SERVICES
5576,PYT,NYSE,PPLUS TRUST,FINANCE,FINANCE: CONSUMER SERVICES
5583,PRI,NYSE,"PRIMERICA, INC.",FINANCE,LIFE INSURANCE
5585,PRA,NYSE,PROASSURANCE CORPORATION,FINANCE,PROPERTY-CASUALTY INSURERS
5587,PGR,NYSE,PROGRESSIVE CORPORATION (THE),FINANCE,PROPERTY-CASUALTY INSURERS
5592,PB,NYSE,"PROSPERITY BANCSHARES, INC.",FINANCE,MAJOR BANKS
5594,PFS,NYSE,"PROVIDENT FINANCIAL SERVICES, INC",FINANCE,SAVINGS INSTITUTIONS
5595,PJH,NYSE,"PRUDENTIAL FINANCIAL, INC.",FINANCE,LIFE INSURANCE
5596,PRH,NYSE,"PRUDENTIAL FINANCIAL, INC.",FINANCE,LIFE INSURANCE
5597,PRU,NYSE,"PRUDENTIAL FINANCIAL, INC.",FINANCE,LIFE INSURANCE
5599,PUK,NYSE,PRUDENTIAL PUBLIC LIMITED COMPANY,FINANCE,LIFE INSURANCE
5633,PZN,NYSE,PZENA INVESTMENT MANAGEMENT INC,FINANCE,INVESTMENT MANAGERS
5645,QD,NYSE,QUDIAN INC.,FINANCE,FINANCE: CONSUMER SERVICES
5660,RDN,NYSE,RADIAN GROUP INC.,FINANCE,PROPERTY-CASUALTY INSURERS
5672,RJF,NYSE,"RAYMOND JAMES FINANCIAL, INC.",FINANCE,INVESTMENT BANKERS/BROKERS/SERVICE
5677,RMAX,NYSE,"RE/MAX HOLDINGS, INC.",FINANCE,REAL ESTATE
5678,RLGY,NYSE,REALOGY HOLDINGS CORP.,FINANCE,REAL ESTATE
5684,RWGE,NYSE,REGALWOOD GLOBAL ENERGY LTD.,FINANCE,BUSINESS SERVICES
5688,RM,NYSE,REGIONAL MANAGEMENT CORP.,FINANCE,FINANCE: CONSUMER SERVICES
5689,RF,NYSE,REGIONS FINANCIAL CORPORATION,FINANCE,MAJOR BANKS
5693,RGA,NYSE,"REINSURANCE GROUP OF AMERICA, INCORPORATED",FINANCE,LIFE INSURANCE
5694,RZA,NYSE,"REINSURANCE GROUP OF AMERICA, INCORPORATED",FINANCE,LIFE INSURANCE
5695,RZB,NYSE,"REINSURANCE GROUP OF AMERICA, INCORPORATED",FINANCE,LIFE INSURANCE
5699,RNR,NYSE,RENAISSANCERE HOLDINGS LTD.,FINANCE,PROPERTY-CASUALTY INSURERS
5729,RLI,NYSE,RLI CORP.,FINANCE,PROPERTY-CASUALTY INSURERS
5738,ROL,NYSE,"ROLLINS, INC.",FINANCE,DIVERSIFIED COMMERCIAL SERVICES
5742,RY,NYSE,ROYAL BANK OF CANADA,FINANCE,COMMERCIAL BANKS
5744,RBS,NYSE,ROYAL BANK SCOTLAND PLC (THE),FINANCE,COMMERCIAL BANKS
5760,SPGI,NYSE,S&P GLOBAL INC.,FINANCE,FINANCE: CONSUMER SERVICES
5765,SFE,NYSE,"SAFEGUARD SCIENTIFICS, INC.",FINANCE,FINANCE/INVESTORS SERVICES
5778,SC,NYSE,SANTANDER CONSUMER USA HOLDINGS INC.,FINANCE,FINANCE: CONSUMER SERVICES
5817,JBN,NYSE,SELECT ASSET INC.,FINANCE,FINANCE: CONSUMER SERVICES
5818,JBR,NYSE,SELECT ASSET INC.,FINANCE,FINANCE: CONSUMER SERVICES
5821,SGZA,NYSE,"SELECTIVE INSURANCE GROUP, INC.",FINANCE,PROPERTY-CASUALTY INSURERS
5830,SRG,NYSE,SERITAGE GROWTH PROPERTIES,FINANCE,REAL ESTATE
5839,SHG,NYSE,SHINHAN FINANCIAL GROUP CO LTD,FINANCE,MAJOR BANKS
5864,IPOA,NYSE,SOCIAL CAPITAL HEDOSOPHIA HOLDINGS CORP.,FINANCE,BUSINESS SERVICES
5870,SMFG,NYSE,SUMITOMO MITSUI FINANCIAL GROUP INC,FINANCE,COMMERCIAL BANKS
5923,STT,NYSE,STATE STREET CORPORATION,FINANCE,MAJOR BANKS
5936,STL,NYSE,STERLING BANCORP,FINANCE,MAJOR BANKS
5937,STL^A,NYSE,STERLING BANCORP,FINANCE,MAJOR BANKS
5938,STC,NYSE,STEWART INFORMATION SERVICES CORPORATION,FINANCE,SPECIALTY INSURERS
5939,SF,NYSE,STIFEL FINANCIAL CORPORATION,FINANCE,INVESTMENT BANKERS/BROKERS/SERVICE
5940,SF^A,NYSE,STIFEL FINANCIAL CORPORATION,FINANCE,INVESTMENT BANKERS/BROKERS/SERVICE
5941,SFB,NYSE,STIFEL FINANCIAL CORPORATION,FINANCE,INVESTMENT BANKERS/BROKERS/SERVICE
5948,GJH,NYSE,STRATS TRUST,FINANCE,FINANCE: CONSUMER SERVICES
5949,GJO,NYSE,STRATS TRUST,FINANCE,FINANCE: CONSUMER SERVICES
5950,GJS,NYSE,STRATS TRUST,FINANCE,FINANCE: CONSUMER SERVICES
5960,SLF,NYSE,SUN LIFE FINANCIAL INC.,FINANCE,LIFE INSURANCE
5969,STI,NYSE,"SUNTRUST BANKS, INC.",FINANCE,MAJOR BANKS
5981,SYF,NYSE,SYNCHRONY FINANCIAL,FINANCE,FINANCE: CONSUMER SERVICES
5983,SNV,NYSE,SYNOVUS FINANCIAL CORP.,FINANCE,MAJOR BANKS
5987,GJT,NYSE,"SYNTHETIC FIXED-INCOME SECURITIES, INC.",FINANCE,FINANCE: CONSUMER SERVICES
5988,GJV,NYSE,"SYNTHETIC FIXED-INCOME SECURITIES, INC.",FINANCE,FINANCE: CONSUMER SERVICES
6012,TCF,NYSE,TCF FINANCIAL CORPORATION,FINANCE,MAJOR BANKS
6031,TRC,NYSE,TEJON RANCH CO,FINANCE,REAL ESTATE
6067,TRNO,NYSE,TERRENO REALTY CORPORATION,FINANCE,REAL ESTATE
6074,BX,NYSE,THE BLACKSTONE GROUP L.P.,FINANCE,INVESTMENT MANAGERS
6076,SCHW,NYSE,THE CHARLES SCHWAB CORPORATION,FINANCE,INVESTMENT BANKERS/BROKERS/SERVICE
6086,THG,NYSE,"THE HANOVER INSURANCE GROUP, INC.",FINANCE,PROPERTY-CASUALTY INSURERS
6087,THGA,NYSE,"THE HANOVER INSURANCE GROUP, INC.",FINANCE,PROPERTY-CASUALTY INSURERS
6090,TRV,NYSE,"THE TRAVELERS COMPANIES, INC.",FINANCE,PROPERTY-CASUALTY INSURERS
6094,TPRE,NYSE,THIRD POINT REINSURANCE LTD.,FINANCE,PROPERTY-CASUALTY INSURERS
6115,TMK,NYSE,TORCHMARK CORPORATION,FINANCE,LIFE INSURANCE
6118,TD,NYSE,TORONTO DOMINION BANK (THE),FINANCE,COMMERCIAL BANKS
6128,TPGE,NYSE,TPG PACE ENERGY HOLDINGS CORP.,FINANCE,BUSINESS SERVICES
6131,TPGH,NYSE,TPG PACE HOLDINGS CORP.,FINANCE,BUSINESS SERVICES
6143,TRU,NYSE,TRANSUNION,FINANCE,FINANCE: CONSUMER SERVICES
6161,GTS,NYSE,TRIPLE-S MANAGEMENT CORPORATION,FINANCE,ACCIDENT &HEALTH INSURANCE
6184,USB,NYSE,U.S. BANCORP,FINANCE,MAJOR BANKS
6185,USB^A,NYSE,U.S. BANCORP,FINANCE,MAJOR BANKS
6191,UBS,NYSE,UBS AG,FINANCE,MAJOR BANKS
6205,LTN,NYSE,UNION ACQUISITION CORP.,FINANCE,BUSINESS SERVICES
6228,UVE,NYSE,UNIVERSAL INSURANCE HOLDINGS INC,FINANCE,PROPERTY-CASUALTY INSURERS
6230,UNM,NYSE,UNUM GROUP,FINANCE,ACCIDENT &HEALTH INSURANCE
6231,UE,NYSE,URBAN EDGE PROPERTIES,FINANCE,REAL ESTATE
6250,VR,NYSE,"VALIDUS HOLDINGS, LTD.",FINANCE,PROPERTY-CASUALTY INSURERS
6253,VLY,NYSE,VALLEY NATIONAL BANCORP,FINANCE,MAJOR BANKS
6255,VLY^A,NYSE,VALLEY NATIONAL BANCORP,FINANCE,MAJOR BANKS
6305,VOYA,NYSE,"VOYA FINANCIAL, INC.",FINANCE,LIFE INSURANCE
6315,WRB,NYSE,W.R. BERKLEY CORPORATION,FINANCE,PROPERTY-CASUALTY INSURERS
6324,WDR,NYSE,"WADDELL & REED FINANCIAL, INC.",FINANCE,INVESTMENT BANKERS/BROKERS/SERVICE
6326,WD,NYSE,"WALKER & DUNLOP, INC.",FINANCE,FINANCE: CONSUMER SERVICES
6342,WBS,NYSE,WEBSTER FINANCIAL CORPORATION,FINANCE,MAJOR BANKS
6350,WFC,NYSE,WELLS FARGO & COMPANY,FINANCE,MAJOR BANKS
6372,WAL,NYSE,WESTERN ALLIANCE BANCORPORATION,FINANCE,MAJOR BANKS
6373,WALA,NYSE,WESTERN ALLIANCE BANCORPORATION,FINANCE,MAJOR BANKS
6401,WBK,NYSE,WESTPAC BANKING CORPORATION,FINANCE,COMMERCIAL BANKS
6403,WHG,NYSE,WESTWOOD HOLDINGS GROUP INC,FINANCE,INVESTMENT MANAGERS
6409,WTM,NYSE,"WHITE MOUNTAINS INSURANCE GROUP, LTD.",FINANCE,PROPERTY-CASUALTY INSURERS
6421,WF,NYSE,WOORI BANK,FINANCE,COMMERCIAL BANKS
6436,XL,NYSE,XL GROUP LTD.,FINANCE,PROPERTY-CASUALTY INSURERS
6444,YRD,NYSE,YIRENDAI LTD.,FINANCE,FINANCE: CONSUMER SERVICES
6454,ZBK,NYSE,ZIONS BANCORPORATION,FINANCE,MAJOR BANKS
